"Year","Keyword","x","Incidenceweight"
1992,"(FTIR)",1,"1-2"
1996,"(FTIR)",1,"1-2"
1997,"(FTIR)",1,"1-2"
2001,"(FTIR)",1,"1-2"
2002,"(FTIR)",1,"1-2"
2003,"(FTIR)",1,"1-2"
2005,"(FTIR)",1,"1-2"
2006,"(FTIR)",4,"3-5"
2007,"(FTIR)",2,"1-2"
2008,"(FTIR)",3,"3-5"
2009,"(FTIR)",5,"3-5"
2010,"(FTIR)",1,"1-2"
2011,"(FTIR)",3,"3-5"
2012,"(FTIR)",3,"3-5"
2013,"(FTIR)",2,"1-2"
2014,"(FTIR)",6,"6-9"
2015,"(FTIR)",2,"1-2"
2016,"(FTIR)",5,"3-5"
2017,"(FTIR)",2,"1-2"
2018,"(FTIR)",5,"3-5"
2019,"(FTIR)",3,"3-5"
2020,"(FTIR)",2,"1-2"
2021,"(FTIR)",4,"3-5"
1992,"(GC-MS)",4,"3-5"
1995,"(GC-MS)",2,"1-2"
1996,"(GC-MS)",6,"6-9"
1997,"(GC-MS)",4,"3-5"
1998,"(GC-MS)",4,"3-5"
1999,"(GC-MS)",1,"1-2"
2000,"(GC-MS)",6,"6-9"
2001,"(GC-MS)",2,"1-2"
2002,"(GC-MS)",8,"6-9"
2003,"(GC-MS)",4,"3-5"
2004,"(GC-MS)",11,"10-14"
2005,"(GC-MS)",27,"25-29"
2006,"(GC-MS)",29,"25-29"
2007,"(GC-MS)",15,"15-19"
2008,"(GC-MS)",25,"25-29"
2009,"(GC-MS)",19,"15-19"
2010,"(GC-MS)",10,"10-14"
2011,"(GC-MS)",14,"10-14"
2012,"(GC-MS)",15,"15-19"
2013,"(GC-MS)",10,"10-14"
2014,"(GC-MS)",12,"10-14"
2015,"(GC-MS)",11,"10-14"
2016,"(GC-MS)",26,"25-29"
2017,"(GC-MS)",15,"15-19"
2018,"(GC-MS)",16,"15-19"
2019,"(GC-MS)",9,"6-9"
2020,"(GC-MS)",11,"10-14"
2021,"(GC-MS)",17,"15-19"
2022,"(GC-MS)",4,"3-5"
1994,"(HPLC)",2,"1-2"
1996,"(HPLC)",3,"3-5"
1997,"(HPLC)",3,"3-5"
1998,"(HPLC)",3,"3-5"
1999,"(HPLC)",2,"1-2"
2000,"(HPLC)",3,"3-5"
2001,"(HPLC)",4,"3-5"
2002,"(HPLC)",4,"3-5"
2003,"(HPLC)",6,"6-9"
2004,"(HPLC)",8,"6-9"
2005,"(HPLC)",19,"15-19"
2006,"(HPLC)",9,"6-9"
2007,"(HPLC)",7,"6-9"
2008,"(HPLC)",10,"10-14"
2009,"(HPLC)",5,"3-5"
2010,"(HPLC)",2,"1-2"
2011,"(HPLC)",2,"1-2"
2012,"(HPLC)",5,"3-5"
2013,"(HPLC)",7,"6-9"
2014,"(HPLC)",5,"3-5"
2015,"(HPLC)",8,"6-9"
2016,"(HPLC)",10,"10-14"
2017,"(HPLC)",13,"10-14"
2018,"(HPLC)",11,"10-14"
2019,"(HPLC)",8,"6-9"
2020,"(HPLC)",7,"6-9"
2021,"(HPLC)",2,"1-2"
2022,"(HPLC)",2,"1-2"
1994,"(LC-MS)",1,"1-2"
1998,"(LC-MS)",1,"1-2"
2001,"(LC-MS)",1,"1-2"
2002,"(LC-MS)",2,"1-2"
2004,"(LC-MS)",4,"3-5"
2005,"(LC-MS)",14,"10-14"
2006,"(LC-MS)",5,"3-5"
2007,"(LC-MS)",2,"1-2"
2008,"(LC-MS)",7,"6-9"
2009,"(LC-MS)",8,"6-9"
2010,"(LC-MS)",3,"3-5"
2011,"(LC-MS)",2,"1-2"
2012,"(LC-MS)",5,"3-5"
2013,"(LC-MS)",4,"3-5"
2014,"(LC-MS)",4,"3-5"
2015,"(LC-MS)",3,"3-5"
2016,"(LC-MS)",11,"10-14"
2017,"(LC-MS)",5,"3-5"
2018,"(LC-MS)",4,"3-5"
2019,"(LC-MS)",2,"1-2"
2020,"(LC-MS)",1,"1-2"
2021,"(LC-MS)",7,"6-9"
2000,"(LC-MS/MS)",1,"1-2"
2002,"(LC-MS/MS)",1,"1-2"
2005,"(LC-MS/MS)",14,"10-14"
2006,"(LC-MS/MS)",4,"3-5"
2007,"(LC-MS/MS)",2,"1-2"
2008,"(LC-MS/MS)",3,"3-5"
2009,"(LC-MS/MS)",3,"3-5"
2010,"(LC-MS/MS)",3,"3-5"
2011,"(LC-MS/MS)",5,"3-5"
2012,"(LC-MS/MS)",3,"3-5"
2013,"(LC-MS/MS)",9,"6-9"
2014,"(LC-MS/MS)",9,"6-9"
2015,"(LC-MS/MS)",10,"10-14"
2016,"(LC-MS/MS)",24,"20-24"
2017,"(LC-MS/MS)",16,"15-19"
2018,"(LC-MS/MS)",7,"6-9"
2019,"(LC-MS/MS)",10,"10-14"
2020,"(LC-MS/MS)",3,"3-5"
2021,"(LC-MS/MS)",5,"3-5"
2022,"(LC-MS/MS)",1,"1-2"
1993,"3,4-METHYLENEDIOXYMETHAMPHETAMINE (MDMA)",2,"1-2"
1995,"3,4-METHYLENEDIOXYMETHAMPHETAMINE (MDMA)",1,"1-2"
1996,"3,4-METHYLENEDIOXYMETHAMPHETAMINE (MDMA)",2,"1-2"
1997,"3,4-METHYLENEDIOXYMETHAMPHETAMINE (MDMA)",4,"3-5"
1998,"3,4-METHYLENEDIOXYMETHAMPHETAMINE (MDMA)",1,"1-2"
1999,"3,4-METHYLENEDIOXYMETHAMPHETAMINE (MDMA)",6,"6-9"
2000,"3,4-METHYLENEDIOXYMETHAMPHETAMINE (MDMA)",3,"3-5"
2001,"3,4-METHYLENEDIOXYMETHAMPHETAMINE (MDMA)",2,"1-2"
2002,"3,4-METHYLENEDIOXYMETHAMPHETAMINE (MDMA)",5,"3-5"
2003,"3,4-METHYLENEDIOXYMETHAMPHETAMINE (MDMA)",7,"6-9"
2004,"3,4-METHYLENEDIOXYMETHAMPHETAMINE (MDMA)",13,"10-14"
2005,"3,4-METHYLENEDIOXYMETHAMPHETAMINE (MDMA)",10,"10-14"
2006,"3,4-METHYLENEDIOXYMETHAMPHETAMINE (MDMA)",11,"10-14"
2007,"3,4-METHYLENEDIOXYMETHAMPHETAMINE (MDMA)",11,"10-14"
2008,"3,4-METHYLENEDIOXYMETHAMPHETAMINE (MDMA)",11,"10-14"
2009,"3,4-METHYLENEDIOXYMETHAMPHETAMINE (MDMA)",7,"6-9"
2010,"3,4-METHYLENEDIOXYMETHAMPHETAMINE (MDMA)",5,"3-5"
2011,"3,4-METHYLENEDIOXYMETHAMPHETAMINE (MDMA)",7,"6-9"
2012,"3,4-METHYLENEDIOXYMETHAMPHETAMINE (MDMA)",2,"1-2"
2013,"3,4-METHYLENEDIOXYMETHAMPHETAMINE (MDMA)",7,"6-9"
2014,"3,4-METHYLENEDIOXYMETHAMPHETAMINE (MDMA)",8,"6-9"
2015,"3,4-METHYLENEDIOXYMETHAMPHETAMINE (MDMA)",9,"6-9"
2016,"3,4-METHYLENEDIOXYMETHAMPHETAMINE (MDMA)",13,"10-14"
2017,"3,4-METHYLENEDIOXYMETHAMPHETAMINE (MDMA)",12,"10-14"
2018,"3,4-METHYLENEDIOXYMETHAMPHETAMINE (MDMA)",12,"10-14"
2019,"3,4-METHYLENEDIOXYMETHAMPHETAMINE (MDMA)",3,"3-5"
2020,"3,4-METHYLENEDIOXYMETHAMPHETAMINE (MDMA)",5,"3-5"
2021,"3,4-METHYLENEDIOXYMETHAMPHETAMINE (MDMA)",12,"10-14"
2022,"3,4-METHYLENEDIOXYMETHAMPHETAMINE (MDMA)",3,"3-5"
1992,"ADULTERANT",1,"1-2"
1993,"ADULTERANT",1,"1-2"
1994,"ADULTERANT",1,"1-2"
1995,"ADULTERANT",1,"1-2"
1997,"ADULTERANT",2,"1-2"
1998,"ADULTERANT",2,"1-2"
2000,"ADULTERANT",1,"1-2"
2001,"ADULTERANT",1,"1-2"
2008,"ADULTERANT",1,"1-2"
2009,"ADULTERANT",2,"1-2"
2011,"ADULTERANT",4,"3-5"
2012,"ADULTERANT",2,"1-2"
2013,"ADULTERANT",2,"1-2"
2014,"ADULTERANT",3,"3-5"
2015,"ADULTERANT",7,"6-9"
2016,"ADULTERANT",5,"3-5"
2017,"ADULTERANT",6,"6-9"
2018,"ADULTERANT",3,"3-5"
2019,"ADULTERANT",2,"1-2"
2020,"ADULTERANT",3,"3-5"
2021,"ADULTERANT",5,"3-5"
2022,"ADULTERANT",1,"1-2"
1998,"ADULTERATION",1,"1-2"
2006,"ADULTERATION",1,"1-2"
2010,"ADULTERATION",1,"1-2"
2011,"ADULTERATION",1,"1-2"
2013,"ADULTERATION",3,"3-5"
2014,"ADULTERATION",2,"1-2"
2015,"ADULTERATION",2,"1-2"
2016,"ADULTERATION",6,"6-9"
2017,"ADULTERATION",6,"6-9"
2018,"ADULTERATION",7,"6-9"
2019,"ADULTERATION",5,"3-5"
2020,"ADULTERATION",1,"1-2"
2021,"ADULTERATION",2,"1-2"
1994,"ALKALOIDS",1,"1-2"
1995,"ALKALOIDS",1,"1-2"
1996,"ALKALOIDS",3,"3-5"
1997,"ALKALOIDS",3,"3-5"
1998,"ALKALOIDS",1,"1-2"
1999,"ALKALOIDS",1,"1-2"
2003,"ALKALOIDS",2,"1-2"
2004,"ALKALOIDS",1,"1-2"
2005,"ALKALOIDS",2,"1-2"
2006,"ALKALOIDS",1,"1-2"
2007,"ALKALOIDS",1,"1-2"
2009,"ALKALOIDS",5,"3-5"
2012,"ALKALOIDS",1,"1-2"
2013,"ALKALOIDS",1,"1-2"
2014,"ALKALOIDS",2,"1-2"
2015,"ALKALOIDS",2,"1-2"
2016,"ALKALOIDS",11,"10-14"
2017,"ALKALOIDS",6,"6-9"
2018,"ALKALOIDS",6,"6-9"
2019,"ALKALOIDS",4,"3-5"
2020,"ALKALOIDS",2,"1-2"
2021,"ALKALOIDS",4,"3-5"
1992,"AMPHETAMINE AND DERIVATIVES",1,"1-2"
1994,"AMPHETAMINE AND DERIVATIVES",5,"3-5"
1995,"AMPHETAMINE AND DERIVATIVES",4,"3-5"
1996,"AMPHETAMINE AND DERIVATIVES",5,"3-5"
1997,"AMPHETAMINE AND DERIVATIVES",7,"6-9"
1998,"AMPHETAMINE AND DERIVATIVES",5,"3-5"
1999,"AMPHETAMINE AND DERIVATIVES",9,"6-9"
2000,"AMPHETAMINE AND DERIVATIVES",3,"3-5"
2001,"AMPHETAMINE AND DERIVATIVES",6,"6-9"
2002,"AMPHETAMINE AND DERIVATIVES",8,"6-9"
2003,"AMPHETAMINE AND DERIVATIVES",8,"6-9"
2004,"AMPHETAMINE AND DERIVATIVES",9,"6-9"
2005,"AMPHETAMINE AND DERIVATIVES",16,"15-19"
2006,"AMPHETAMINE AND DERIVATIVES",17,"15-19"
2007,"AMPHETAMINE AND DERIVATIVES",8,"6-9"
2008,"AMPHETAMINE AND DERIVATIVES",3,"3-5"
2009,"AMPHETAMINE AND DERIVATIVES",3,"3-5"
2010,"AMPHETAMINE AND DERIVATIVES",5,"3-5"
2011,"AMPHETAMINE AND DERIVATIVES",4,"3-5"
2012,"AMPHETAMINE AND DERIVATIVES",4,"3-5"
2013,"AMPHETAMINE AND DERIVATIVES",6,"6-9"
2014,"AMPHETAMINE AND DERIVATIVES",11,"10-14"
2015,"AMPHETAMINE AND DERIVATIVES",7,"6-9"
2016,"AMPHETAMINE AND DERIVATIVES",10,"10-14"
2017,"AMPHETAMINE AND DERIVATIVES",13,"10-14"
2018,"AMPHETAMINE AND DERIVATIVES",9,"6-9"
2019,"AMPHETAMINE AND DERIVATIVES",3,"3-5"
2020,"AMPHETAMINE AND DERIVATIVES",3,"3-5"
2021,"AMPHETAMINE AND DERIVATIVES",10,"10-14"
2022,"AMPHETAMINE AND DERIVATIVES",8,"6-9"
1993,"ANALYSIS",1,"1-2"
1996,"ANALYSIS",2,"1-2"
2000,"ANALYSIS",1,"1-2"
2002,"ANALYSIS",1,"1-2"
2003,"ANALYSIS",2,"1-2"
2004,"ANALYSIS",2,"1-2"
2005,"ANALYSIS",2,"1-2"
2006,"ANALYSIS",1,"1-2"
2007,"ANALYSIS",4,"3-5"
2008,"ANALYSIS",3,"3-5"
2011,"ANALYSIS",3,"3-5"
2012,"ANALYSIS",5,"3-5"
2013,"ANALYSIS",1,"1-2"
2014,"ANALYSIS",2,"1-2"
2015,"ANALYSIS",1,"1-2"
2016,"ANALYSIS",2,"1-2"
2017,"ANALYSIS",1,"1-2"
2018,"ANALYSIS",2,"1-2"
2019,"ANALYSIS",1,"1-2"
2020,"ANALYSIS",3,"3-5"
2021,"ANALYSIS",1,"1-2"
1994,"BENZODIAZEPINE AND DERIVATIVES",1,"1-2"
1996,"BENZODIAZEPINE AND DERIVATIVES",3,"3-5"
1997,"BENZODIAZEPINE AND DERIVATIVES",2,"1-2"
1998,"BENZODIAZEPINE AND DERIVATIVES",1,"1-2"
1999,"BENZODIAZEPINE AND DERIVATIVES",1,"1-2"
2002,"BENZODIAZEPINE AND DERIVATIVES",4,"3-5"
2003,"BENZODIAZEPINE AND DERIVATIVES",3,"3-5"
2004,"BENZODIAZEPINE AND DERIVATIVES",7,"6-9"
2005,"BENZODIAZEPINE AND DERIVATIVES",6,"6-9"
2006,"BENZODIAZEPINE AND DERIVATIVES",1,"1-2"
2007,"BENZODIAZEPINE AND DERIVATIVES",2,"1-2"
2008,"BENZODIAZEPINE AND DERIVATIVES",3,"3-5"
2009,"BENZODIAZEPINE AND DERIVATIVES",5,"3-5"
2010,"BENZODIAZEPINE AND DERIVATIVES",2,"1-2"
2012,"BENZODIAZEPINE AND DERIVATIVES",1,"1-2"
2013,"BENZODIAZEPINE AND DERIVATIVES",3,"3-5"
2014,"BENZODIAZEPINE AND DERIVATIVES",4,"3-5"
2015,"BENZODIAZEPINE AND DERIVATIVES",5,"3-5"
2016,"BENZODIAZEPINE AND DERIVATIVES",7,"6-9"
2017,"BENZODIAZEPINE AND DERIVATIVES",2,"1-2"
2018,"BENZODIAZEPINE AND DERIVATIVES",8,"6-9"
2019,"BENZODIAZEPINE AND DERIVATIVES",8,"6-9"
2020,"BENZODIAZEPINE AND DERIVATIVES",6,"6-9"
2021,"BENZODIAZEPINE AND DERIVATIVES",7,"6-9"
1994,"CANNABIDIOL (CBD)",1,"1-2"
1998,"CANNABIDIOL (CBD)",1,"1-2"
2002,"CANNABIDIOL (CBD)",1,"1-2"
2003,"CANNABIDIOL (CBD)",1,"1-2"
2005,"CANNABIDIOL (CBD)",2,"1-2"
2008,"CANNABIDIOL (CBD)",2,"1-2"
2009,"CANNABIDIOL (CBD)",2,"1-2"
2010,"CANNABIDIOL (CBD)",2,"1-2"
2011,"CANNABIDIOL (CBD)",2,"1-2"
2012,"CANNABIDIOL (CBD)",3,"3-5"
2013,"CANNABIDIOL (CBD)",1,"1-2"
2014,"CANNABIDIOL (CBD)",3,"3-5"
2015,"CANNABIDIOL (CBD)",4,"3-5"
2016,"CANNABIDIOL (CBD)",3,"3-5"
2017,"CANNABIDIOL (CBD)",6,"6-9"
2018,"CANNABIDIOL (CBD)",7,"6-9"
2019,"CANNABIDIOL (CBD)",5,"3-5"
2020,"CANNABIDIOL (CBD)",8,"6-9"
2021,"CANNABIDIOL (CBD)",7,"6-9"
2022,"CANNABIDIOL (CBD)",4,"3-5"
1995,"CANNABINOIDS AND DERIVATIVES",1,"1-2"
1997,"CANNABINOIDS AND DERIVATIVES",1,"1-2"
1998,"CANNABINOIDS AND DERIVATIVES",1,"1-2"
1999,"CANNABINOIDS AND DERIVATIVES",2,"1-2"
2000,"CANNABINOIDS AND DERIVATIVES",2,"1-2"
2004,"CANNABINOIDS AND DERIVATIVES",4,"3-5"
2005,"CANNABINOIDS AND DERIVATIVES",6,"6-9"
2006,"CANNABINOIDS AND DERIVATIVES",2,"1-2"
2007,"CANNABINOIDS AND DERIVATIVES",1,"1-2"
2008,"CANNABINOIDS AND DERIVATIVES",1,"1-2"
2009,"CANNABINOIDS AND DERIVATIVES",4,"3-5"
2010,"CANNABINOIDS AND DERIVATIVES",8,"6-9"
2011,"CANNABINOIDS AND DERIVATIVES",8,"6-9"
2012,"CANNABINOIDS AND DERIVATIVES",19,"15-19"
2013,"CANNABINOIDS AND DERIVATIVES",13,"10-14"
2014,"CANNABINOIDS AND DERIVATIVES",16,"15-19"
2015,"CANNABINOIDS AND DERIVATIVES",21,"20-24"
2016,"CANNABINOIDS AND DERIVATIVES",27,"25-29"
2017,"CANNABINOIDS AND DERIVATIVES",24,"20-24"
2018,"CANNABINOIDS AND DERIVATIVES",17,"15-19"
2019,"CANNABINOIDS AND DERIVATIVES",13,"10-14"
2020,"CANNABINOIDS AND DERIVATIVES",15,"15-19"
2021,"CANNABINOIDS AND DERIVATIVES",22,"20-24"
2022,"CANNABINOIDS AND DERIVATIVES",11,"10-14"
1994,"CANNABIS AND DERIVATIVES",1,"1-2"
1995,"CANNABIS AND DERIVATIVES",1,"1-2"
1996,"CANNABIS AND DERIVATIVES",1,"1-2"
1997,"CANNABIS AND DERIVATIVES",3,"3-5"
1998,"CANNABIS AND DERIVATIVES",3,"3-5"
1999,"CANNABIS AND DERIVATIVES",3,"3-5"
2000,"CANNABIS AND DERIVATIVES",3,"3-5"
2001,"CANNABIS AND DERIVATIVES",2,"1-2"
2002,"CANNABIS AND DERIVATIVES",1,"1-2"
2003,"CANNABIS AND DERIVATIVES",5,"3-5"
2004,"CANNABIS AND DERIVATIVES",1,"1-2"
2005,"CANNABIS AND DERIVATIVES",3,"3-5"
2006,"CANNABIS AND DERIVATIVES",5,"3-5"
2007,"CANNABIS AND DERIVATIVES",5,"3-5"
2008,"CANNABIS AND DERIVATIVES",9,"6-9"
2009,"CANNABIS AND DERIVATIVES",5,"3-5"
2010,"CANNABIS AND DERIVATIVES",6,"6-9"
2011,"CANNABIS AND DERIVATIVES",5,"3-5"
2012,"CANNABIS AND DERIVATIVES",12,"10-14"
2013,"CANNABIS AND DERIVATIVES",5,"3-5"
2014,"CANNABIS AND DERIVATIVES",5,"3-5"
2015,"CANNABIS AND DERIVATIVES",7,"6-9"
2016,"CANNABIS AND DERIVATIVES",24,"20-24"
2017,"CANNABIS AND DERIVATIVES",24,"20-24"
2018,"CANNABIS AND DERIVATIVES",16,"15-19"
2019,"CANNABIS AND DERIVATIVES",9,"6-9"
2020,"CANNABIS AND DERIVATIVES",12,"10-14"
2021,"CANNABIS AND DERIVATIVES",15,"15-19"
2022,"CANNABIS AND DERIVATIVES",5,"3-5"
1995,"CANNABIS SATIVA L.",1,"1-2"
1996,"CANNABIS SATIVA L.",1,"1-2"
1997,"CANNABIS SATIVA L.",1,"1-2"
1998,"CANNABIS SATIVA L.",1,"1-2"
1999,"CANNABIS SATIVA L.",1,"1-2"
2001,"CANNABIS SATIVA L.",1,"1-2"
2003,"CANNABIS SATIVA L.",3,"3-5"
2004,"CANNABIS SATIVA L.",6,"6-9"
2005,"CANNABIS SATIVA L.",3,"3-5"
2006,"CANNABIS SATIVA L.",1,"1-2"
2007,"CANNABIS SATIVA L.",1,"1-2"
2008,"CANNABIS SATIVA L.",6,"6-9"
2009,"CANNABIS SATIVA L.",7,"6-9"
2010,"CANNABIS SATIVA L.",2,"1-2"
2011,"CANNABIS SATIVA L.",1,"1-2"
2012,"CANNABIS SATIVA L.",1,"1-2"
2013,"CANNABIS SATIVA L.",2,"1-2"
2014,"CANNABIS SATIVA L.",7,"6-9"
2015,"CANNABIS SATIVA L.",7,"6-9"
2016,"CANNABIS SATIVA L.",10,"10-14"
2017,"CANNABIS SATIVA L.",6,"6-9"
2018,"CANNABIS SATIVA L.",14,"10-14"
2019,"CANNABIS SATIVA L.",4,"3-5"
2020,"CANNABIS SATIVA L.",13,"10-14"
2021,"CANNABIS SATIVA L.",5,"3-5"
2022,"CANNABIS SATIVA L.",5,"3-5"
1995,"CAPILLARY ELECTROPHORESIS",1,"1-2"
1996,"CAPILLARY ELECTROPHORESIS",5,"3-5"
1997,"CAPILLARY ELECTROPHORESIS",3,"3-5"
1998,"CAPILLARY ELECTROPHORESIS",10,"10-14"
1999,"CAPILLARY ELECTROPHORESIS",10,"10-14"
2000,"CAPILLARY ELECTROPHORESIS",2,"1-2"
2001,"CAPILLARY ELECTROPHORESIS",8,"6-9"
2002,"CAPILLARY ELECTROPHORESIS",7,"6-9"
2003,"CAPILLARY ELECTROPHORESIS",3,"3-5"
2004,"CAPILLARY ELECTROPHORESIS",6,"6-9"
2005,"CAPILLARY ELECTROPHORESIS",26,"25-29"
2006,"CAPILLARY ELECTROPHORESIS",15,"15-19"
2007,"CAPILLARY ELECTROPHORESIS",7,"6-9"
2008,"CAPILLARY ELECTROPHORESIS",10,"10-14"
2009,"CAPILLARY ELECTROPHORESIS",5,"3-5"
2010,"CAPILLARY ELECTROPHORESIS",7,"6-9"
2011,"CAPILLARY ELECTROPHORESIS",2,"1-2"
2012,"CAPILLARY ELECTROPHORESIS",7,"6-9"
2013,"CAPILLARY ELECTROPHORESIS",4,"3-5"
2014,"CAPILLARY ELECTROPHORESIS",6,"6-9"
2015,"CAPILLARY ELECTROPHORESIS",6,"6-9"
2016,"CAPILLARY ELECTROPHORESIS",4,"3-5"
2017,"CAPILLARY ELECTROPHORESIS",6,"6-9"
2018,"CAPILLARY ELECTROPHORESIS",7,"6-9"
2019,"CAPILLARY ELECTROPHORESIS",1,"1-2"
2020,"CAPILLARY ELECTROPHORESIS",3,"3-5"
2021,"CAPILLARY ELECTROPHORESIS",1,"1-2"
2022,"CAPILLARY ELECTROPHORESIS",1,"1-2"
1993,"CATHINONE",2,"1-2"
1994,"CATHINONE",1,"1-2"
1995,"CATHINONE",1,"1-2"
1996,"CATHINONE",2,"1-2"
1997,"CATHINONE",1,"1-2"
1998,"CATHINONE",2,"1-2"
2005,"CATHINONE",1,"1-2"
2008,"CATHINONE",1,"1-2"
2009,"CATHINONE",1,"1-2"
2010,"CATHINONE",3,"3-5"
2011,"CATHINONE",3,"3-5"
2012,"CATHINONE",6,"6-9"
2013,"CATHINONE",6,"6-9"
2014,"CATHINONE",8,"6-9"
2015,"CATHINONE",16,"15-19"
2016,"CATHINONE",5,"3-5"
2017,"CATHINONE",3,"3-5"
2018,"CATHINONE",7,"6-9"
2019,"CATHINONE",7,"6-9"
2020,"CATHINONE",3,"3-5"
2021,"CATHINONE",9,"6-9"
2022,"CATHINONE",4,"3-5"
1999,"CHEMOMETRICS",1,"1-2"
2001,"CHEMOMETRICS",1,"1-2"
2002,"CHEMOMETRICS",1,"1-2"
2004,"CHEMOMETRICS",6,"6-9"
2005,"CHEMOMETRICS",5,"3-5"
2006,"CHEMOMETRICS",6,"6-9"
2007,"CHEMOMETRICS",3,"3-5"
2008,"CHEMOMETRICS",3,"3-5"
2009,"CHEMOMETRICS",4,"3-5"
2010,"CHEMOMETRICS",5,"3-5"
2011,"CHEMOMETRICS",5,"3-5"
2012,"CHEMOMETRICS",4,"3-5"
2013,"CHEMOMETRICS",2,"1-2"
2014,"CHEMOMETRICS",5,"3-5"
2015,"CHEMOMETRICS",5,"3-5"
2016,"CHEMOMETRICS",4,"3-5"
2017,"CHEMOMETRICS",6,"6-9"
2018,"CHEMOMETRICS",6,"6-9"
2019,"CHEMOMETRICS",4,"3-5"
2020,"CHEMOMETRICS",2,"1-2"
2021,"CHEMOMETRICS",6,"6-9"
2022,"CHEMOMETRICS",2,"1-2"
1994,"CHIRAL SEPARATION",1,"1-2"
1995,"CHIRAL SEPARATION",1,"1-2"
1996,"CHIRAL SEPARATION",1,"1-2"
1998,"CHIRAL SEPARATION",2,"1-2"
1999,"CHIRAL SEPARATION",1,"1-2"
2000,"CHIRAL SEPARATION",1,"1-2"
2002,"CHIRAL SEPARATION",3,"3-5"
2003,"CHIRAL SEPARATION",2,"1-2"
2004,"CHIRAL SEPARATION",3,"3-5"
2005,"CHIRAL SEPARATION",8,"6-9"
2006,"CHIRAL SEPARATION",6,"6-9"
2008,"CHIRAL SEPARATION",1,"1-2"
2011,"CHIRAL SEPARATION",2,"1-2"
2013,"CHIRAL SEPARATION",1,"1-2"
2014,"CHIRAL SEPARATION",4,"3-5"
2015,"CHIRAL SEPARATION",1,"1-2"
2016,"CHIRAL SEPARATION",2,"1-2"
2017,"CHIRAL SEPARATION",3,"3-5"
2018,"CHIRAL SEPARATION",5,"3-5"
2019,"CHIRAL SEPARATION",1,"1-2"
2020,"CHIRAL SEPARATION",2,"1-2"
2021,"CHIRAL SEPARATION",1,"1-2"
1993,"CHROMATOGRAPHY",2,"1-2"
1994,"CHROMATOGRAPHY",4,"3-5"
1995,"CHROMATOGRAPHY",3,"3-5"
2002,"CHROMATOGRAPHY",2,"1-2"
2004,"CHROMATOGRAPHY",1,"1-2"
2006,"CHROMATOGRAPHY",1,"1-2"
2007,"CHROMATOGRAPHY",1,"1-2"
2010,"CHROMATOGRAPHY",1,"1-2"
2011,"CHROMATOGRAPHY",1,"1-2"
2013,"CHROMATOGRAPHY",1,"1-2"
2014,"CHROMATOGRAPHY",3,"3-5"
2015,"CHROMATOGRAPHY",5,"3-5"
2016,"CHROMATOGRAPHY",1,"1-2"
2017,"CHROMATOGRAPHY",2,"1-2"
2018,"CHROMATOGRAPHY",2,"1-2"
2019,"CHROMATOGRAPHY",2,"1-2"
2020,"CHROMATOGRAPHY",1,"1-2"
2022,"CHROMATOGRAPHY",1,"1-2"
1992,"COCAINE AND DERIVATIVES",2,"1-2"
1993,"COCAINE AND DERIVATIVES",4,"3-5"
1994,"COCAINE AND DERIVATIVES",5,"3-5"
1995,"COCAINE AND DERIVATIVES",7,"6-9"
1996,"COCAINE AND DERIVATIVES",9,"6-9"
1997,"COCAINE AND DERIVATIVES",6,"6-9"
1998,"COCAINE AND DERIVATIVES",9,"6-9"
1999,"COCAINE AND DERIVATIVES",5,"3-5"
2000,"COCAINE AND DERIVATIVES",2,"1-2"
2001,"COCAINE AND DERIVATIVES",4,"3-5"
2002,"COCAINE AND DERIVATIVES",3,"3-5"
2003,"COCAINE AND DERIVATIVES",3,"3-5"
2004,"COCAINE AND DERIVATIVES",4,"3-5"
2005,"COCAINE AND DERIVATIVES",15,"15-19"
2006,"COCAINE AND DERIVATIVES",13,"10-14"
2007,"COCAINE AND DERIVATIVES",6,"6-9"
2008,"COCAINE AND DERIVATIVES",13,"10-14"
2009,"COCAINE AND DERIVATIVES",3,"3-5"
2010,"COCAINE AND DERIVATIVES",4,"3-5"
2011,"COCAINE AND DERIVATIVES",6,"6-9"
2012,"COCAINE AND DERIVATIVES",7,"6-9"
2013,"COCAINE AND DERIVATIVES",7,"6-9"
2014,"COCAINE AND DERIVATIVES",14,"10-14"
2015,"COCAINE AND DERIVATIVES",17,"15-19"
2016,"COCAINE AND DERIVATIVES",26,"25-29"
2017,"COCAINE AND DERIVATIVES",30,"30-39"
2018,"COCAINE AND DERIVATIVES",12,"10-14"
2019,"COCAINE AND DERIVATIVES",7,"6-9"
2020,"COCAINE AND DERIVATIVES",9,"6-9"
2021,"COCAINE AND DERIVATIVES",15,"15-19"
2022,"COCAINE AND DERIVATIVES",6,"6-9"
1995,"CODEINE",1,"1-2"
1996,"CODEINE",2,"1-2"
1998,"CODEINE",1,"1-2"
1999,"CODEINE",2,"1-2"
2000,"CODEINE",3,"3-5"
2001,"CODEINE",5,"3-5"
2002,"CODEINE",2,"1-2"
2003,"CODEINE",2,"1-2"
2004,"CODEINE",1,"1-2"
2005,"CODEINE",2,"1-2"
2006,"CODEINE",3,"3-5"
2007,"CODEINE",3,"3-5"
2008,"CODEINE",2,"1-2"
2009,"CODEINE",1,"1-2"
2010,"CODEINE",1,"1-2"
2011,"CODEINE",1,"1-2"
2012,"CODEINE",1,"1-2"
2013,"CODEINE",1,"1-2"
2014,"CODEINE",1,"1-2"
2015,"CODEINE",1,"1-2"
2016,"CODEINE",7,"6-9"
2017,"CODEINE",2,"1-2"
2018,"CODEINE",4,"3-5"
2019,"CODEINE",1,"1-2"
2020,"CODEINE",1,"1-2"
2021,"CODEINE",2,"1-2"
1994,"CYCLODEXTRINS",1,"1-2"
1995,"CYCLODEXTRINS",1,"1-2"
1996,"CYCLODEXTRINS",4,"3-5"
1997,"CYCLODEXTRINS",1,"1-2"
1998,"CYCLODEXTRINS",2,"1-2"
1999,"CYCLODEXTRINS",2,"1-2"
2001,"CYCLODEXTRINS",2,"1-2"
2002,"CYCLODEXTRINS",3,"3-5"
2003,"CYCLODEXTRINS",3,"3-5"
2004,"CYCLODEXTRINS",1,"1-2"
2005,"CYCLODEXTRINS",3,"3-5"
2006,"CYCLODEXTRINS",2,"1-2"
2007,"CYCLODEXTRINS",3,"3-5"
2008,"CYCLODEXTRINS",1,"1-2"
2009,"CYCLODEXTRINS",1,"1-2"
2011,"CYCLODEXTRINS",2,"1-2"
2012,"CYCLODEXTRINS",1,"1-2"
2013,"CYCLODEXTRINS",1,"1-2"
2014,"CYCLODEXTRINS",1,"1-2"
2015,"CYCLODEXTRINS",1,"1-2"
2016,"CYCLODEXTRINS",1,"1-2"
2017,"CYCLODEXTRINS",1,"1-2"
2018,"CYCLODEXTRINS",2,"1-2"
2020,"CYCLODEXTRINS",1,"1-2"
1997,"DELTA-9-TETRAHYDROCANNABINOL (D-9-THC)",1,"1-2"
1999,"DELTA-9-TETRAHYDROCANNABINOL (D-9-THC)",1,"1-2"
2000,"DELTA-9-TETRAHYDROCANNABINOL (D-9-THC)",1,"1-2"
2002,"DELTA-9-TETRAHYDROCANNABINOL (D-9-THC)",1,"1-2"
2003,"DELTA-9-TETRAHYDROCANNABINOL (D-9-THC)",1,"1-2"
2005,"DELTA-9-TETRAHYDROCANNABINOL (D-9-THC)",3,"3-5"
2007,"DELTA-9-TETRAHYDROCANNABINOL (D-9-THC)",1,"1-2"
2008,"DELTA-9-TETRAHYDROCANNABINOL (D-9-THC)",2,"1-2"
2011,"DELTA-9-TETRAHYDROCANNABINOL (D-9-THC)",2,"1-2"
2012,"DELTA-9-TETRAHYDROCANNABINOL (D-9-THC)",5,"3-5"
2013,"DELTA-9-TETRAHYDROCANNABINOL (D-9-THC)",3,"3-5"
2014,"DELTA-9-TETRAHYDROCANNABINOL (D-9-THC)",2,"1-2"
2015,"DELTA-9-TETRAHYDROCANNABINOL (D-9-THC)",3,"3-5"
2016,"DELTA-9-TETRAHYDROCANNABINOL (D-9-THC)",6,"6-9"
2017,"DELTA-9-TETRAHYDROCANNABINOL (D-9-THC)",5,"3-5"
2018,"DELTA-9-TETRAHYDROCANNABINOL (D-9-THC)",5,"3-5"
2019,"DELTA-9-TETRAHYDROCANNABINOL (D-9-THC)",4,"3-5"
2020,"DELTA-9-TETRAHYDROCANNABINOL (D-9-THC)",2,"1-2"
2021,"DELTA-9-TETRAHYDROCANNABINOL (D-9-THC)",1,"1-2"
2022,"DELTA-9-TETRAHYDROCANNABINOL (D-9-THC)",2,"1-2"
1993,"DERIVATIZATION",1,"1-2"
1994,"DERIVATIZATION",1,"1-2"
2000,"DERIVATIZATION",1,"1-2"
2004,"DERIVATIZATION",3,"3-5"
2005,"DERIVATIZATION",4,"3-5"
2006,"DERIVATIZATION",2,"1-2"
2008,"DERIVATIZATION",1,"1-2"
2009,"DERIVATIZATION",1,"1-2"
2010,"DERIVATIZATION",4,"3-5"
2013,"DERIVATIZATION",1,"1-2"
2014,"DERIVATIZATION",1,"1-2"
2015,"DERIVATIZATION",1,"1-2"
2016,"DERIVATIZATION",2,"1-2"
2017,"DERIVATIZATION",3,"3-5"
2018,"DERIVATIZATION",2,"1-2"
2020,"DERIVATIZATION",3,"3-5"
2021,"DERIVATIZATION",1,"1-2"
1992,"DESIGNER DRUGS",1,"1-2"
1995,"DESIGNER DRUGS",2,"1-2"
1996,"DESIGNER DRUGS",2,"1-2"
1997,"DESIGNER DRUGS",2,"1-2"
2000,"DESIGNER DRUGS",1,"1-2"
2001,"DESIGNER DRUGS",2,"1-2"
2002,"DESIGNER DRUGS",4,"3-5"
2003,"DESIGNER DRUGS",2,"1-2"
2004,"DESIGNER DRUGS",4,"3-5"
2005,"DESIGNER DRUGS",6,"6-9"
2006,"DESIGNER DRUGS",7,"6-9"
2007,"DESIGNER DRUGS",5,"3-5"
2008,"DESIGNER DRUGS",11,"10-14"
2009,"DESIGNER DRUGS",5,"3-5"
2010,"DESIGNER DRUGS",6,"6-9"
2011,"DESIGNER DRUGS",9,"6-9"
2012,"DESIGNER DRUGS",7,"6-9"
2013,"DESIGNER DRUGS",19,"15-19"
2014,"DESIGNER DRUGS",16,"15-19"
2015,"DESIGNER DRUGS",12,"10-14"
2016,"DESIGNER DRUGS",13,"10-14"
2017,"DESIGNER DRUGS",5,"3-5"
2018,"DESIGNER DRUGS",7,"6-9"
2019,"DESIGNER DRUGS",3,"3-5"
2020,"DESIGNER DRUGS",4,"3-5"
2021,"DESIGNER DRUGS",5,"3-5"
2022,"DESIGNER DRUGS",1,"1-2"
2003,"DIETARY SUPPLEMENTS",2,"1-2"
2004,"DIETARY SUPPLEMENTS",1,"1-2"
2005,"DIETARY SUPPLEMENTS",3,"3-5"
2006,"DIETARY SUPPLEMENTS",5,"3-5"
2007,"DIETARY SUPPLEMENTS",2,"1-2"
2008,"DIETARY SUPPLEMENTS",1,"1-2"
2009,"DIETARY SUPPLEMENTS",3,"3-5"
2013,"DIETARY SUPPLEMENTS",2,"1-2"
2014,"DIETARY SUPPLEMENTS",3,"3-5"
2015,"DIETARY SUPPLEMENTS",5,"3-5"
2016,"DIETARY SUPPLEMENTS",8,"6-9"
2017,"DIETARY SUPPLEMENTS",4,"3-5"
2018,"DIETARY SUPPLEMENTS",6,"6-9"
2019,"DIETARY SUPPLEMENTS",3,"3-5"
2020,"DIETARY SUPPLEMENTS",1,"1-2"
2021,"DIETARY SUPPLEMENTS",3,"3-5"
2022,"DIETARY SUPPLEMENTS",1,"1-2"
1994,"DRUG",1,"1-2"
1995,"DRUG",1,"1-2"
1996,"DRUG",6,"6-9"
1997,"DRUG",1,"1-2"
1998,"DRUG",3,"3-5"
1999,"DRUG",4,"3-5"
2000,"DRUG",2,"1-2"
2001,"DRUG",3,"3-5"
2002,"DRUG",2,"1-2"
2003,"DRUG",2,"1-2"
2004,"DRUG",6,"6-9"
2005,"DRUG",8,"6-9"
2006,"DRUG",3,"3-5"
2007,"DRUG",6,"6-9"
2008,"DRUG",4,"3-5"
2009,"DRUG",4,"3-5"
2010,"DRUG",3,"3-5"
2011,"DRUG",7,"6-9"
2012,"DRUG",3,"3-5"
2013,"DRUG",3,"3-5"
2014,"DRUG",3,"3-5"
2015,"DRUG",4,"3-5"
2016,"DRUG",3,"3-5"
2017,"DRUG",4,"3-5"
2018,"DRUG",6,"6-9"
2019,"DRUG",5,"3-5"
2020,"DRUG",2,"1-2"
2021,"DRUG",4,"3-5"
2022,"DRUG",1,"1-2"
1993,"DRUG ANALYSIS",2,"1-2"
1997,"DRUG ANALYSIS",1,"1-2"
2001,"DRUG ANALYSIS",2,"1-2"
2004,"DRUG ANALYSIS",1,"1-2"
2005,"DRUG ANALYSIS",4,"3-5"
2006,"DRUG ANALYSIS",2,"1-2"
2007,"DRUG ANALYSIS",3,"3-5"
2009,"DRUG ANALYSIS",2,"1-2"
2010,"DRUG ANALYSIS",1,"1-2"
2011,"DRUG ANALYSIS",1,"1-2"
2012,"DRUG ANALYSIS",1,"1-2"
2013,"DRUG ANALYSIS",1,"1-2"
2014,"DRUG ANALYSIS",1,"1-2"
2016,"DRUG ANALYSIS",5,"3-5"
2017,"DRUG ANALYSIS",1,"1-2"
2019,"DRUG ANALYSIS",5,"3-5"
2021,"DRUG ANALYSIS",3,"3-5"
2022,"DRUG ANALYSIS",1,"1-2"
1992,"DRUG OF ABUSE",1,"1-2"
1993,"DRUG OF ABUSE",2,"1-2"
1994,"DRUG OF ABUSE",1,"1-2"
1995,"DRUG OF ABUSE",1,"1-2"
1997,"DRUG OF ABUSE",4,"3-5"
1998,"DRUG OF ABUSE",3,"3-5"
2000,"DRUG OF ABUSE",1,"1-2"
2002,"DRUG OF ABUSE",2,"1-2"
2003,"DRUG OF ABUSE",1,"1-2"
2004,"DRUG OF ABUSE",9,"6-9"
2005,"DRUG OF ABUSE",5,"3-5"
2006,"DRUG OF ABUSE",8,"6-9"
2007,"DRUG OF ABUSE",4,"3-5"
2008,"DRUG OF ABUSE",2,"1-2"
2009,"DRUG OF ABUSE",5,"3-5"
2010,"DRUG OF ABUSE",3,"3-5"
2011,"DRUG OF ABUSE",8,"6-9"
2012,"DRUG OF ABUSE",5,"3-5"
2013,"DRUG OF ABUSE",4,"3-5"
2014,"DRUG OF ABUSE",8,"6-9"
2015,"DRUG OF ABUSE",5,"3-5"
2016,"DRUG OF ABUSE",11,"10-14"
2017,"DRUG OF ABUSE",3,"3-5"
2018,"DRUG OF ABUSE",5,"3-5"
2019,"DRUG OF ABUSE",2,"1-2"
2020,"DRUG OF ABUSE",3,"3-5"
2021,"DRUG OF ABUSE",7,"6-9"
2022,"DRUG OF ABUSE",1,"1-2"
1993,"DRUG PROFILING",1,"1-2"
1995,"DRUG PROFILING",1,"1-2"
1997,"DRUG PROFILING",2,"1-2"
1999,"DRUG PROFILING",1,"1-2"
2003,"DRUG PROFILING",3,"3-5"
2004,"DRUG PROFILING",1,"1-2"
2006,"DRUG PROFILING",1,"1-2"
2007,"DRUG PROFILING",2,"1-2"
2008,"DRUG PROFILING",5,"3-5"
2009,"DRUG PROFILING",3,"3-5"
2011,"DRUG PROFILING",1,"1-2"
2013,"DRUG PROFILING",4,"3-5"
2014,"DRUG PROFILING",1,"1-2"
2015,"DRUG PROFILING",2,"1-2"
2016,"DRUG PROFILING",3,"3-5"
2017,"DRUG PROFILING",3,"3-5"
2018,"DRUG PROFILING",1,"1-2"
2021,"DRUG PROFILING",2,"1-2"
2016,"ELECTROCHEMICAL SENSOR",2,"1-2"
2017,"ELECTROCHEMICAL SENSOR",4,"3-5"
2018,"ELECTROCHEMICAL SENSOR",4,"3-5"
2019,"ELECTROCHEMICAL SENSOR",3,"3-5"
2020,"ELECTROCHEMICAL SENSOR",6,"6-9"
2021,"ELECTROCHEMICAL SENSOR",8,"6-9"
2022,"ELECTROCHEMICAL SENSOR",6,"6-9"
1996,"ENANTIOMER SEPARATION",10,"10-14"
1997,"ENANTIOMER SEPARATION",1,"1-2"
1998,"ENANTIOMER SEPARATION",1,"1-2"
1999,"ENANTIOMER SEPARATION",1,"1-2"
2000,"ENANTIOMER SEPARATION",2,"1-2"
2001,"ENANTIOMER SEPARATION",8,"6-9"
2002,"ENANTIOMER SEPARATION",5,"3-5"
2004,"ENANTIOMER SEPARATION",3,"3-5"
2005,"ENANTIOMER SEPARATION",12,"10-14"
2006,"ENANTIOMER SEPARATION",5,"3-5"
2007,"ENANTIOMER SEPARATION",2,"1-2"
2008,"ENANTIOMER SEPARATION",3,"3-5"
2009,"ENANTIOMER SEPARATION",2,"1-2"
2011,"ENANTIOMER SEPARATION",1,"1-2"
2012,"ENANTIOMER SEPARATION",2,"1-2"
2013,"ENANTIOMER SEPARATION",1,"1-2"
2014,"ENANTIOMER SEPARATION",3,"3-5"
2015,"ENANTIOMER SEPARATION",1,"1-2"
2016,"ENANTIOMER SEPARATION",4,"3-5"
2017,"ENANTIOMER SEPARATION",5,"3-5"
2018,"ENANTIOMER SEPARATION",1,"1-2"
2020,"ENANTIOMER SEPARATION",2,"1-2"
2021,"ENANTIOMER SEPARATION",2,"1-2"
1992,"EPHEDRINE",1,"1-2"
1995,"EPHEDRINE",3,"3-5"
1996,"EPHEDRINE",2,"1-2"
1997,"EPHEDRINE",1,"1-2"
1999,"EPHEDRINE",5,"3-5"
2000,"EPHEDRINE",1,"1-2"
2001,"EPHEDRINE",3,"3-5"
2002,"EPHEDRINE",5,"3-5"
2003,"EPHEDRINE",1,"1-2"
2004,"EPHEDRINE",4,"3-5"
2005,"EPHEDRINE",10,"10-14"
2006,"EPHEDRINE",6,"6-9"
2007,"EPHEDRINE",3,"3-5"
2008,"EPHEDRINE",5,"3-5"
2009,"EPHEDRINE",8,"6-9"
2010,"EPHEDRINE",3,"3-5"
2011,"EPHEDRINE",1,"1-2"
2012,"EPHEDRINE",3,"3-5"
2014,"EPHEDRINE",4,"3-5"
2015,"EPHEDRINE",1,"1-2"
2016,"EPHEDRINE",5,"3-5"
2017,"EPHEDRINE",3,"3-5"
2018,"EPHEDRINE",8,"6-9"
2019,"EPHEDRINE",9,"6-9"
2021,"EPHEDRINE",11,"10-14"
2022,"EPHEDRINE",1,"1-2"
2004,"ERGOT ALKALOIDS",2,"1-2"
2005,"ERGOT ALKALOIDS",1,"1-2"
2006,"ERGOT ALKALOIDS",3,"3-5"
2008,"ERGOT ALKALOIDS",2,"1-2"
2009,"ERGOT ALKALOIDS",1,"1-2"
2014,"ERGOT ALKALOIDS",2,"1-2"
2015,"ERGOT ALKALOIDS",3,"3-5"
2016,"ERGOT ALKALOIDS",4,"3-5"
2017,"ERGOT ALKALOIDS",4,"3-5"
2018,"ERGOT ALKALOIDS",6,"6-9"
2019,"ERGOT ALKALOIDS",2,"1-2"
2020,"ERGOT ALKALOIDS",2,"1-2"
2021,"ERGOT ALKALOIDS",8,"6-9"
1995,"FENTANYL AND DERIVATIVES",1,"1-2"
2003,"FENTANYL AND DERIVATIVES",1,"1-2"
2004,"FENTANYL AND DERIVATIVES",1,"1-2"
2005,"FENTANYL AND DERIVATIVES",2,"1-2"
2007,"FENTANYL AND DERIVATIVES",4,"3-5"
2008,"FENTANYL AND DERIVATIVES",2,"1-2"
2009,"FENTANYL AND DERIVATIVES",2,"1-2"
2012,"FENTANYL AND DERIVATIVES",2,"1-2"
2016,"FENTANYL AND DERIVATIVES",2,"1-2"
2017,"FENTANYL AND DERIVATIVES",13,"10-14"
2018,"FENTANYL AND DERIVATIVES",8,"6-9"
2019,"FENTANYL AND DERIVATIVES",15,"15-19"
2020,"FENTANYL AND DERIVATIVES",9,"6-9"
2021,"FENTANYL AND DERIVATIVES",25,"25-29"
2022,"FENTANYL AND DERIVATIVES",7,"6-9"
1998,"FORENSIC",1,"1-2"
2001,"FORENSIC",1,"1-2"
2003,"FORENSIC",1,"1-2"
2004,"FORENSIC",2,"1-2"
2005,"FORENSIC",4,"3-5"
2006,"FORENSIC",7,"6-9"
2007,"FORENSIC",3,"3-5"
2008,"FORENSIC",8,"6-9"
2009,"FORENSIC",3,"3-5"
2010,"FORENSIC",7,"6-9"
2011,"FORENSIC",7,"6-9"
2012,"FORENSIC",3,"3-5"
2013,"FORENSIC",5,"3-5"
2014,"FORENSIC",6,"6-9"
2015,"FORENSIC",4,"3-5"
2016,"FORENSIC",3,"3-5"
2017,"FORENSIC",5,"3-5"
2018,"FORENSIC",3,"3-5"
2019,"FORENSIC",5,"3-5"
2020,"FORENSIC",2,"1-2"
2021,"FORENSIC",9,"6-9"
2022,"FORENSIC",1,"1-2"
1994,"FORENSIC ANALYSIS",1,"1-2"
1995,"FORENSIC ANALYSIS",1,"1-2"
1996,"FORENSIC ANALYSIS",3,"3-5"
1997,"FORENSIC ANALYSIS",2,"1-2"
1998,"FORENSIC ANALYSIS",2,"1-2"
1999,"FORENSIC ANALYSIS",2,"1-2"
2000,"FORENSIC ANALYSIS",2,"1-2"
2001,"FORENSIC ANALYSIS",3,"3-5"
2002,"FORENSIC ANALYSIS",3,"3-5"
2003,"FORENSIC ANALYSIS",2,"1-2"
2004,"FORENSIC ANALYSIS",4,"3-5"
2005,"FORENSIC ANALYSIS",5,"3-5"
2006,"FORENSIC ANALYSIS",3,"3-5"
2008,"FORENSIC ANALYSIS",2,"1-2"
2009,"FORENSIC ANALYSIS",2,"1-2"
2010,"FORENSIC ANALYSIS",1,"1-2"
2011,"FORENSIC ANALYSIS",2,"1-2"
2012,"FORENSIC ANALYSIS",1,"1-2"
2013,"FORENSIC ANALYSIS",4,"3-5"
2014,"FORENSIC ANALYSIS",3,"3-5"
2015,"FORENSIC ANALYSIS",1,"1-2"
2016,"FORENSIC ANALYSIS",4,"3-5"
2017,"FORENSIC ANALYSIS",3,"3-5"
2018,"FORENSIC ANALYSIS",2,"1-2"
2019,"FORENSIC ANALYSIS",1,"1-2"
2020,"FORENSIC ANALYSIS",3,"3-5"
2021,"FORENSIC ANALYSIS",11,"10-14"
2022,"FORENSIC ANALYSIS",3,"3-5"
1994,"FORENSIC CHEMISTRY",1,"1-2"
2003,"FORENSIC CHEMISTRY",1,"1-2"
2005,"FORENSIC CHEMISTRY",1,"1-2"
2006,"FORENSIC CHEMISTRY",2,"1-2"
2007,"FORENSIC CHEMISTRY",5,"3-5"
2008,"FORENSIC CHEMISTRY",3,"3-5"
2009,"FORENSIC CHEMISTRY",2,"1-2"
2010,"FORENSIC CHEMISTRY",2,"1-2"
2011,"FORENSIC CHEMISTRY",3,"3-5"
2012,"FORENSIC CHEMISTRY",6,"6-9"
2013,"FORENSIC CHEMISTRY",2,"1-2"
2014,"FORENSIC CHEMISTRY",6,"6-9"
2015,"FORENSIC CHEMISTRY",1,"1-2"
2016,"FORENSIC CHEMISTRY",7,"6-9"
2017,"FORENSIC CHEMISTRY",6,"6-9"
2018,"FORENSIC CHEMISTRY",5,"3-5"
2019,"FORENSIC CHEMISTRY",7,"6-9"
2020,"FORENSIC CHEMISTRY",7,"6-9"
2021,"FORENSIC CHEMISTRY",7,"6-9"
2022,"FORENSIC CHEMISTRY",1,"1-2"
1992,"FORENSIC SCIENCE",1,"1-2"
1993,"FORENSIC SCIENCE",3,"3-5"
1994,"FORENSIC SCIENCE",4,"3-5"
1995,"FORENSIC SCIENCE",5,"3-5"
1996,"FORENSIC SCIENCE",11,"10-14"
1997,"FORENSIC SCIENCE",11,"10-14"
1998,"FORENSIC SCIENCE",12,"10-14"
1999,"FORENSIC SCIENCE",15,"15-19"
2000,"FORENSIC SCIENCE",14,"10-14"
2001,"FORENSIC SCIENCE",15,"15-19"
2002,"FORENSIC SCIENCE",7,"6-9"
2003,"FORENSIC SCIENCE",9,"6-9"
2004,"FORENSIC SCIENCE",8,"6-9"
2005,"FORENSIC SCIENCE",16,"15-19"
2006,"FORENSIC SCIENCE",22,"20-24"
2007,"FORENSIC SCIENCE",24,"20-24"
2008,"FORENSIC SCIENCE",14,"10-14"
2009,"FORENSIC SCIENCE",16,"15-19"
2010,"FORENSIC SCIENCE",11,"10-14"
2011,"FORENSIC SCIENCE",20,"20-24"
2012,"FORENSIC SCIENCE",19,"15-19"
2013,"FORENSIC SCIENCE",14,"10-14"
2014,"FORENSIC SCIENCE",10,"10-14"
2015,"FORENSIC SCIENCE",13,"10-14"
2016,"FORENSIC SCIENCE",14,"10-14"
2017,"FORENSIC SCIENCE",5,"3-5"
2018,"FORENSIC SCIENCE",11,"10-14"
2019,"FORENSIC SCIENCE",8,"6-9"
2020,"FORENSIC SCIENCE",7,"6-9"
2021,"FORENSIC SCIENCE",5,"3-5"
2022,"FORENSIC SCIENCE",3,"3-5"
1996,"FORENSIC TOXICOLOGY",3,"3-5"
1997,"FORENSIC TOXICOLOGY",1,"1-2"
1998,"FORENSIC TOXICOLOGY",1,"1-2"
2002,"FORENSIC TOXICOLOGY",1,"1-2"
2003,"FORENSIC TOXICOLOGY",2,"1-2"
2004,"FORENSIC TOXICOLOGY",2,"1-2"
2005,"FORENSIC TOXICOLOGY",1,"1-2"
2006,"FORENSIC TOXICOLOGY",1,"1-2"
2009,"FORENSIC TOXICOLOGY",3,"3-5"
2010,"FORENSIC TOXICOLOGY",2,"1-2"
2011,"FORENSIC TOXICOLOGY",1,"1-2"
2012,"FORENSIC TOXICOLOGY",5,"3-5"
2013,"FORENSIC TOXICOLOGY",2,"1-2"
2015,"FORENSIC TOXICOLOGY",3,"3-5"
2016,"FORENSIC TOXICOLOGY",4,"3-5"
2017,"FORENSIC TOXICOLOGY",1,"1-2"
2018,"FORENSIC TOXICOLOGY",2,"1-2"
2019,"FORENSIC TOXICOLOGY",1,"1-2"
2020,"FORENSIC TOXICOLOGY",6,"6-9"
2021,"FORENSIC TOXICOLOGY",6,"6-9"
2022,"FORENSIC TOXICOLOGY",2,"1-2"
1998,"GAMMA-HYDROXYBUTYRIC ACID (GHB)",1,"1-2"
2001,"GAMMA-HYDROXYBUTYRIC ACID (GHB)",3,"3-5"
2003,"GAMMA-HYDROXYBUTYRIC ACID (GHB)",3,"3-5"
2004,"GAMMA-HYDROXYBUTYRIC ACID (GHB)",6,"6-9"
2005,"GAMMA-HYDROXYBUTYRIC ACID (GHB)",3,"3-5"
2006,"GAMMA-HYDROXYBUTYRIC ACID (GHB)",3,"3-5"
2007,"GAMMA-HYDROXYBUTYRIC ACID (GHB)",1,"1-2"
2009,"GAMMA-HYDROXYBUTYRIC ACID (GHB)",3,"3-5"
2010,"GAMMA-HYDROXYBUTYRIC ACID (GHB)",1,"1-2"
2011,"GAMMA-HYDROXYBUTYRIC ACID (GHB)",4,"3-5"
2012,"GAMMA-HYDROXYBUTYRIC ACID (GHB)",1,"1-2"
2013,"GAMMA-HYDROXYBUTYRIC ACID (GHB)",1,"1-2"
2015,"GAMMA-HYDROXYBUTYRIC ACID (GHB)",1,"1-2"
2016,"GAMMA-HYDROXYBUTYRIC ACID (GHB)",4,"3-5"
2017,"GAMMA-HYDROXYBUTYRIC ACID (GHB)",1,"1-2"
2018,"GAMMA-HYDROXYBUTYRIC ACID (GHB)",2,"1-2"
2019,"GAMMA-HYDROXYBUTYRIC ACID (GHB)",1,"1-2"
2020,"GAMMA-HYDROXYBUTYRIC ACID (GHB)",2,"1-2"
2021,"GAMMA-HYDROXYBUTYRIC ACID (GHB)",3,"3-5"
2022,"GAMMA-HYDROXYBUTYRIC ACID (GHB)",1,"1-2"
1992,"GAS CHROMATOGRAPHY (GC)",2,"1-2"
1993,"GAS CHROMATOGRAPHY (GC)",1,"1-2"
1994,"GAS CHROMATOGRAPHY (GC)",4,"3-5"
1995,"GAS CHROMATOGRAPHY (GC)",3,"3-5"
1997,"GAS CHROMATOGRAPHY (GC)",1,"1-2"
1998,"GAS CHROMATOGRAPHY (GC)",1,"1-2"
1999,"GAS CHROMATOGRAPHY (GC)",3,"3-5"
2000,"GAS CHROMATOGRAPHY (GC)",2,"1-2"
2001,"GAS CHROMATOGRAPHY (GC)",1,"1-2"
2002,"GAS CHROMATOGRAPHY (GC)",4,"3-5"
2003,"GAS CHROMATOGRAPHY (GC)",4,"3-5"
2004,"GAS CHROMATOGRAPHY (GC)",7,"6-9"
2005,"GAS CHROMATOGRAPHY (GC)",5,"3-5"
2006,"GAS CHROMATOGRAPHY (GC)",6,"6-9"
2007,"GAS CHROMATOGRAPHY (GC)",5,"3-5"
2008,"GAS CHROMATOGRAPHY (GC)",8,"6-9"
2009,"GAS CHROMATOGRAPHY (GC)",3,"3-5"
2010,"GAS CHROMATOGRAPHY (GC)",6,"6-9"
2011,"GAS CHROMATOGRAPHY (GC)",3,"3-5"
2012,"GAS CHROMATOGRAPHY (GC)",7,"6-9"
2013,"GAS CHROMATOGRAPHY (GC)",2,"1-2"
2014,"GAS CHROMATOGRAPHY (GC)",3,"3-5"
2015,"GAS CHROMATOGRAPHY (GC)",3,"3-5"
2016,"GAS CHROMATOGRAPHY (GC)",1,"1-2"
2017,"GAS CHROMATOGRAPHY (GC)",3,"3-5"
2018,"GAS CHROMATOGRAPHY (GC)",5,"3-5"
2019,"GAS CHROMATOGRAPHY (GC)",1,"1-2"
2020,"GAS CHROMATOGRAPHY (GC)",3,"3-5"
2021,"GAS CHROMATOGRAPHY (GC)",4,"3-5"
2022,"GAS CHROMATOGRAPHY (GC)",2,"1-2"
1994,"HALLUCINOGEN",1,"1-2"
1999,"HALLUCINOGEN",1,"1-2"
2002,"HALLUCINOGEN",1,"1-2"
2004,"HALLUCINOGEN",4,"3-5"
2005,"HALLUCINOGEN",3,"3-5"
2006,"HALLUCINOGEN",4,"3-5"
2007,"HALLUCINOGEN",1,"1-2"
2008,"HALLUCINOGEN",9,"6-9"
2009,"HALLUCINOGEN",2,"1-2"
2010,"HALLUCINOGEN",4,"3-5"
2013,"HALLUCINOGEN",4,"3-5"
2014,"HALLUCINOGEN",1,"1-2"
2015,"HALLUCINOGEN",1,"1-2"
2016,"HALLUCINOGEN",1,"1-2"
2017,"HALLUCINOGEN",2,"1-2"
2018,"HALLUCINOGEN",5,"3-5"
2020,"HALLUCINOGEN",1,"1-2"
2021,"HALLUCINOGEN",2,"1-2"
2022,"HALLUCINOGEN",1,"1-2"
1994,"HEMP",1,"1-2"
1998,"HEMP",1,"1-2"
1999,"HEMP",1,"1-2"
2000,"HEMP",1,"1-2"
2001,"HEMP",1,"1-2"
2003,"HEMP",1,"1-2"
2006,"HEMP",1,"1-2"
2007,"HEMP",2,"1-2"
2008,"HEMP",2,"1-2"
2012,"HEMP",1,"1-2"
2013,"HEMP",1,"1-2"
2014,"HEMP",2,"1-2"
2015,"HEMP",1,"1-2"
2016,"HEMP",6,"6-9"
2017,"HEMP",3,"3-5"
2018,"HEMP",4,"3-5"
2019,"HEMP",3,"3-5"
2020,"HEMP",9,"6-9"
2021,"HEMP",8,"6-9"
2022,"HEMP",3,"3-5"
1991,"HEROIN",1,"1-2"
1992,"HEROIN",1,"1-2"
1993,"HEROIN",1,"1-2"
1994,"HEROIN",2,"1-2"
1995,"HEROIN",3,"3-5"
1996,"HEROIN",6,"6-9"
1997,"HEROIN",6,"6-9"
1998,"HEROIN",3,"3-5"
1999,"HEROIN",6,"6-9"
2000,"HEROIN",4,"3-5"
2001,"HEROIN",6,"6-9"
2002,"HEROIN",2,"1-2"
2003,"HEROIN",3,"3-5"
2004,"HEROIN",6,"6-9"
2005,"HEROIN",9,"6-9"
2006,"HEROIN",8,"6-9"
2007,"HEROIN",6,"6-9"
2008,"HEROIN",7,"6-9"
2009,"HEROIN",5,"3-5"
2010,"HEROIN",3,"3-5"
2011,"HEROIN",3,"3-5"
2012,"HEROIN",7,"6-9"
2014,"HEROIN",1,"1-2"
2015,"HEROIN",3,"3-5"
2016,"HEROIN",3,"3-5"
2017,"HEROIN",12,"10-14"
2018,"HEROIN",3,"3-5"
2019,"HEROIN",4,"3-5"
2020,"HEROIN",2,"1-2"
2021,"HEROIN",6,"6-9"
2022,"HEROIN",5,"3-5"
2013,"HIGH-RESOLUTION MASS SPECTROMETRY (HRMS)",3,"3-5"
2014,"HIGH-RESOLUTION MASS SPECTROMETRY (HRMS)",1,"1-2"
2015,"HIGH-RESOLUTION MASS SPECTROMETRY (HRMS)",5,"3-5"
2016,"HIGH-RESOLUTION MASS SPECTROMETRY (HRMS)",7,"6-9"
2017,"HIGH-RESOLUTION MASS SPECTROMETRY (HRMS)",9,"6-9"
2018,"HIGH-RESOLUTION MASS SPECTROMETRY (HRMS)",6,"6-9"
2019,"HIGH-RESOLUTION MASS SPECTROMETRY (HRMS)",4,"3-5"
2020,"HIGH-RESOLUTION MASS SPECTROMETRY (HRMS)",3,"3-5"
2021,"HIGH-RESOLUTION MASS SPECTROMETRY (HRMS)",5,"3-5"
2022,"HIGH-RESOLUTION MASS SPECTROMETRY (HRMS)",5,"3-5"
1993,"IDENTIFICATION",1,"1-2"
2000,"IDENTIFICATION",1,"1-2"
2005,"IDENTIFICATION",3,"3-5"
2007,"IDENTIFICATION",1,"1-2"
2008,"IDENTIFICATION",1,"1-2"
2009,"IDENTIFICATION",1,"1-2"
2010,"IDENTIFICATION",1,"1-2"
2011,"IDENTIFICATION",2,"1-2"
2012,"IDENTIFICATION",3,"3-5"
2013,"IDENTIFICATION",8,"6-9"
2014,"IDENTIFICATION",2,"1-2"
2015,"IDENTIFICATION",3,"3-5"
2016,"IDENTIFICATION",2,"1-2"
2017,"IDENTIFICATION",5,"3-5"
2018,"IDENTIFICATION",2,"1-2"
2020,"IDENTIFICATION",1,"1-2"
1993,"ILLICIT DRUG",3,"3-5"
1994,"ILLICIT DRUG",4,"3-5"
1996,"ILLICIT DRUG",3,"3-5"
1997,"ILLICIT DRUG",1,"1-2"
2000,"ILLICIT DRUG",1,"1-2"
2003,"ILLICIT DRUG",3,"3-5"
2004,"ILLICIT DRUG",3,"3-5"
2005,"ILLICIT DRUG",1,"1-2"
2006,"ILLICIT DRUG",3,"3-5"
2007,"ILLICIT DRUG",3,"3-5"
2008,"ILLICIT DRUG",7,"6-9"
2009,"ILLICIT DRUG",9,"6-9"
2010,"ILLICIT DRUG",10,"10-14"
2011,"ILLICIT DRUG",12,"10-14"
2012,"ILLICIT DRUG",7,"6-9"
2013,"ILLICIT DRUG",6,"6-9"
2014,"ILLICIT DRUG",14,"10-14"
2015,"ILLICIT DRUG",20,"20-24"
2016,"ILLICIT DRUG",29,"25-29"
2017,"ILLICIT DRUG",9,"6-9"
2018,"ILLICIT DRUG",21,"20-24"
2019,"ILLICIT DRUG",9,"6-9"
2020,"ILLICIT DRUG",8,"6-9"
2021,"ILLICIT DRUG",22,"20-24"
2022,"ILLICIT DRUG",10,"10-14"
1992,"IMPURITIES",2,"1-2"
1993,"IMPURITIES",1,"1-2"
1994,"IMPURITIES",2,"1-2"
1995,"IMPURITIES",3,"3-5"
1996,"IMPURITIES",1,"1-2"
1997,"IMPURITIES",1,"1-2"
1998,"IMPURITIES",2,"1-2"
1999,"IMPURITIES",1,"1-2"
2000,"IMPURITIES",1,"1-2"
2002,"IMPURITIES",4,"3-5"
2003,"IMPURITIES",2,"1-2"
2004,"IMPURITIES",2,"1-2"
2005,"IMPURITIES",6,"6-9"
2006,"IMPURITIES",3,"3-5"
2007,"IMPURITIES",2,"1-2"
2008,"IMPURITIES",1,"1-2"
2009,"IMPURITIES",1,"1-2"
2010,"IMPURITIES",1,"1-2"
2011,"IMPURITIES",3,"3-5"
2012,"IMPURITIES",3,"3-5"
2014,"IMPURITIES",3,"3-5"
2015,"IMPURITIES",1,"1-2"
2016,"IMPURITIES",2,"1-2"
2017,"IMPURITIES",2,"1-2"
2020,"IMPURITIES",1,"1-2"
1994,"IMPURITY PROFILING",3,"3-5"
1996,"IMPURITY PROFILING",1,"1-2"
2001,"IMPURITY PROFILING",2,"1-2"
2002,"IMPURITY PROFILING",4,"3-5"
2003,"IMPURITY PROFILING",2,"1-2"
2004,"IMPURITY PROFILING",3,"3-5"
2005,"IMPURITY PROFILING",1,"1-2"
2006,"IMPURITY PROFILING",9,"6-9"
2007,"IMPURITY PROFILING",3,"3-5"
2008,"IMPURITY PROFILING",6,"6-9"
2010,"IMPURITY PROFILING",1,"1-2"
2011,"IMPURITY PROFILING",2,"1-2"
2012,"IMPURITY PROFILING",1,"1-2"
2013,"IMPURITY PROFILING",2,"1-2"
2014,"IMPURITY PROFILING",1,"1-2"
2015,"IMPURITY PROFILING",2,"1-2"
2016,"IMPURITY PROFILING",2,"1-2"
2017,"IMPURITY PROFILING",3,"3-5"
2018,"IMPURITY PROFILING",3,"3-5"
2019,"IMPURITY PROFILING",3,"3-5"
2021,"IMPURITY PROFILING",2,"1-2"
2022,"IMPURITY PROFILING",1,"1-2"
1992,"INFRARED SPECTROSCOPY (IR)",2,"1-2"
1993,"INFRARED SPECTROSCOPY (IR)",1,"1-2"
1995,"INFRARED SPECTROSCOPY (IR)",1,"1-2"
1997,"INFRARED SPECTROSCOPY (IR)",2,"1-2"
1998,"INFRARED SPECTROSCOPY (IR)",1,"1-2"
2000,"INFRARED SPECTROSCOPY (IR)",1,"1-2"
2001,"INFRARED SPECTROSCOPY (IR)",1,"1-2"
2002,"INFRARED SPECTROSCOPY (IR)",1,"1-2"
2004,"INFRARED SPECTROSCOPY (IR)",1,"1-2"
2005,"INFRARED SPECTROSCOPY (IR)",4,"3-5"
2006,"INFRARED SPECTROSCOPY (IR)",2,"1-2"
2008,"INFRARED SPECTROSCOPY (IR)",2,"1-2"
2010,"INFRARED SPECTROSCOPY (IR)",2,"1-2"
2011,"INFRARED SPECTROSCOPY (IR)",5,"3-5"
2012,"INFRARED SPECTROSCOPY (IR)",3,"3-5"
2013,"INFRARED SPECTROSCOPY (IR)",1,"1-2"
2014,"INFRARED SPECTROSCOPY (IR)",4,"3-5"
2015,"INFRARED SPECTROSCOPY (IR)",1,"1-2"
2016,"INFRARED SPECTROSCOPY (IR)",1,"1-2"
2019,"INFRARED SPECTROSCOPY (IR)",3,"3-5"
2020,"INFRARED SPECTROSCOPY (IR)",2,"1-2"
2022,"INFRARED SPECTROSCOPY (IR)",1,"1-2"
1992,"ION MOBILITY SPECTROMETRY (IMS)",1,"1-2"
1997,"ION MOBILITY SPECTROMETRY (IMS)",2,"1-2"
1999,"ION MOBILITY SPECTROMETRY (IMS)",2,"1-2"
2002,"ION MOBILITY SPECTROMETRY (IMS)",1,"1-2"
2005,"ION MOBILITY SPECTROMETRY (IMS)",2,"1-2"
2006,"ION MOBILITY SPECTROMETRY (IMS)",2,"1-2"
2007,"ION MOBILITY SPECTROMETRY (IMS)",1,"1-2"
2008,"ION MOBILITY SPECTROMETRY (IMS)",2,"1-2"
2010,"ION MOBILITY SPECTROMETRY (IMS)",1,"1-2"
2011,"ION MOBILITY SPECTROMETRY (IMS)",1,"1-2"
2012,"ION MOBILITY SPECTROMETRY (IMS)",3,"3-5"
2013,"ION MOBILITY SPECTROMETRY (IMS)",1,"1-2"
2014,"ION MOBILITY SPECTROMETRY (IMS)",3,"3-5"
2015,"ION MOBILITY SPECTROMETRY (IMS)",2,"1-2"
2017,"ION MOBILITY SPECTROMETRY (IMS)",1,"1-2"
2018,"ION MOBILITY SPECTROMETRY (IMS)",5,"3-5"
2020,"ION MOBILITY SPECTROMETRY (IMS)",2,"1-2"
2021,"ION MOBILITY SPECTROMETRY (IMS)",4,"3-5"
2022,"ION MOBILITY SPECTROMETRY (IMS)",1,"1-2"
2004,"ISOTOPE RATIO MASS SPECTROMETRY (IRMS)",1,"1-2"
2006,"ISOTOPE RATIO MASS SPECTROMETRY (IRMS)",1,"1-2"
2007,"ISOTOPE RATIO MASS SPECTROMETRY (IRMS)",1,"1-2"
2008,"ISOTOPE RATIO MASS SPECTROMETRY (IRMS)",2,"1-2"
2009,"ISOTOPE RATIO MASS SPECTROMETRY (IRMS)",4,"3-5"
2010,"ISOTOPE RATIO MASS SPECTROMETRY (IRMS)",4,"3-5"
2011,"ISOTOPE RATIO MASS SPECTROMETRY (IRMS)",3,"3-5"
2012,"ISOTOPE RATIO MASS SPECTROMETRY (IRMS)",4,"3-5"
2013,"ISOTOPE RATIO MASS SPECTROMETRY (IRMS)",3,"3-5"
2014,"ISOTOPE RATIO MASS SPECTROMETRY (IRMS)",2,"1-2"
2015,"ISOTOPE RATIO MASS SPECTROMETRY (IRMS)",4,"3-5"
2016,"ISOTOPE RATIO MASS SPECTROMETRY (IRMS)",2,"1-2"
2017,"ISOTOPE RATIO MASS SPECTROMETRY (IRMS)",2,"1-2"
2021,"ISOTOPE RATIO MASS SPECTROMETRY (IRMS)",2,"1-2"
2022,"ISOTOPE RATIO MASS SPECTROMETRY (IRMS)",1,"1-2"
2002,"KETAMINE",1,"1-2"
2003,"KETAMINE",1,"1-2"
2004,"KETAMINE",1,"1-2"
2005,"KETAMINE",3,"3-5"
2006,"KETAMINE",4,"3-5"
2007,"KETAMINE",1,"1-2"
2009,"KETAMINE",1,"1-2"
2012,"KETAMINE",1,"1-2"
2013,"KETAMINE",1,"1-2"
2014,"KETAMINE",4,"3-5"
2015,"KETAMINE",1,"1-2"
2016,"KETAMINE",7,"6-9"
2017,"KETAMINE",4,"3-5"
2018,"KETAMINE",3,"3-5"
2019,"KETAMINE",3,"3-5"
2021,"KETAMINE",6,"6-9"
2022,"KETAMINE",3,"3-5"
2007,"KRATOM",2,"1-2"
2009,"KRATOM",2,"1-2"
2014,"KRATOM",1,"1-2"
2015,"KRATOM",1,"1-2"
2016,"KRATOM",6,"6-9"
2017,"KRATOM",2,"1-2"
2018,"KRATOM",6,"6-9"
2019,"KRATOM",3,"3-5"
2020,"KRATOM",6,"6-9"
2021,"KRATOM",3,"3-5"
2022,"KRATOM",2,"1-2"
2010,"LEGAL HIGHS",3,"3-5"
2011,"LEGAL HIGHS",6,"6-9"
2012,"LEGAL HIGHS",5,"3-5"
2013,"LEGAL HIGHS",10,"10-14"
2014,"LEGAL HIGHS",10,"10-14"
2015,"LEGAL HIGHS",9,"6-9"
2016,"LEGAL HIGHS",6,"6-9"
2017,"LEGAL HIGHS",3,"3-5"
2018,"LEGAL HIGHS",1,"1-2"
2020,"LEGAL HIGHS",1,"1-2"
2021,"LEGAL HIGHS",1,"1-2"
1994,"LIQUID CHROMATOGRAPHY (LC)",1,"1-2"
2001,"LIQUID CHROMATOGRAPHY (LC)",1,"1-2"
2002,"LIQUID CHROMATOGRAPHY (LC)",2,"1-2"
2003,"LIQUID CHROMATOGRAPHY (LC)",1,"1-2"
2004,"LIQUID CHROMATOGRAPHY (LC)",1,"1-2"
2005,"LIQUID CHROMATOGRAPHY (LC)",7,"6-9"
2006,"LIQUID CHROMATOGRAPHY (LC)",4,"3-5"
2007,"LIQUID CHROMATOGRAPHY (LC)",3,"3-5"
2008,"LIQUID CHROMATOGRAPHY (LC)",1,"1-2"
2010,"LIQUID CHROMATOGRAPHY (LC)",2,"1-2"
2011,"LIQUID CHROMATOGRAPHY (LC)",3,"3-5"
2012,"LIQUID CHROMATOGRAPHY (LC)",1,"1-2"
2013,"LIQUID CHROMATOGRAPHY (LC)",1,"1-2"
2014,"LIQUID CHROMATOGRAPHY (LC)",5,"3-5"
2015,"LIQUID CHROMATOGRAPHY (LC)",3,"3-5"
2016,"LIQUID CHROMATOGRAPHY (LC)",6,"6-9"
2017,"LIQUID CHROMATOGRAPHY (LC)",6,"6-9"
2018,"LIQUID CHROMATOGRAPHY (LC)",4,"3-5"
2019,"LIQUID CHROMATOGRAPHY (LC)",4,"3-5"
2021,"LIQUID CHROMATOGRAPHY (LC)",4,"3-5"
2022,"LIQUID CHROMATOGRAPHY (LC)",1,"1-2"
1993,"LYSERGIC ACID DIETHYLAMIDE (LSD)",1,"1-2"
1994,"LYSERGIC ACID DIETHYLAMIDE (LSD)",2,"1-2"
1996,"LYSERGIC ACID DIETHYLAMIDE (LSD)",1,"1-2"
1997,"LYSERGIC ACID DIETHYLAMIDE (LSD)",1,"1-2"
1998,"LYSERGIC ACID DIETHYLAMIDE (LSD)",1,"1-2"
1999,"LYSERGIC ACID DIETHYLAMIDE (LSD)",3,"3-5"
2002,"LYSERGIC ACID DIETHYLAMIDE (LSD)",2,"1-2"
2003,"LYSERGIC ACID DIETHYLAMIDE (LSD)",2,"1-2"
2004,"LYSERGIC ACID DIETHYLAMIDE (LSD)",1,"1-2"
2005,"LYSERGIC ACID DIETHYLAMIDE (LSD)",1,"1-2"
2006,"LYSERGIC ACID DIETHYLAMIDE (LSD)",1,"1-2"
2012,"LYSERGIC ACID DIETHYLAMIDE (LSD)",1,"1-2"
2014,"LYSERGIC ACID DIETHYLAMIDE (LSD)",2,"1-2"
2016,"LYSERGIC ACID DIETHYLAMIDE (LSD)",1,"1-2"
2017,"LYSERGIC ACID DIETHYLAMIDE (LSD)",4,"3-5"
2018,"LYSERGIC ACID DIETHYLAMIDE (LSD)",2,"1-2"
2019,"LYSERGIC ACID DIETHYLAMIDE (LSD)",2,"1-2"
2020,"LYSERGIC ACID DIETHYLAMIDE (LSD)",1,"1-2"
2021,"LYSERGIC ACID DIETHYLAMIDE (LSD)",2,"1-2"
2022,"LYSERGIC ACID DIETHYLAMIDE (LSD)",1,"1-2"
1992,"MASS SPECTROMETRY (MS)",2,"1-2"
1993,"MASS SPECTROMETRY (MS)",4,"3-5"
1995,"MASS SPECTROMETRY (MS)",3,"3-5"
1996,"MASS SPECTROMETRY (MS)",2,"1-2"
1997,"MASS SPECTROMETRY (MS)",2,"1-2"
1998,"MASS SPECTROMETRY (MS)",2,"1-2"
1999,"MASS SPECTROMETRY (MS)",3,"3-5"
2000,"MASS SPECTROMETRY (MS)",1,"1-2"
2001,"MASS SPECTROMETRY (MS)",2,"1-2"
2002,"MASS SPECTROMETRY (MS)",8,"6-9"
2003,"MASS SPECTROMETRY (MS)",3,"3-5"
2004,"MASS SPECTROMETRY (MS)",3,"3-5"
2005,"MASS SPECTROMETRY (MS)",17,"15-19"
2006,"MASS SPECTROMETRY (MS)",11,"10-14"
2007,"MASS SPECTROMETRY (MS)",9,"6-9"
2008,"MASS SPECTROMETRY (MS)",7,"6-9"
2009,"MASS SPECTROMETRY (MS)",9,"6-9"
2010,"MASS SPECTROMETRY (MS)",10,"10-14"
2011,"MASS SPECTROMETRY (MS)",11,"10-14"
2012,"MASS SPECTROMETRY (MS)",15,"15-19"
2013,"MASS SPECTROMETRY (MS)",7,"6-9"
2014,"MASS SPECTROMETRY (MS)",12,"10-14"
2015,"MASS SPECTROMETRY (MS)",8,"6-9"
2016,"MASS SPECTROMETRY (MS)",21,"20-24"
2017,"MASS SPECTROMETRY (MS)",17,"15-19"
2018,"MASS SPECTROMETRY (MS)",14,"10-14"
2019,"MASS SPECTROMETRY (MS)",15,"15-19"
2020,"MASS SPECTROMETRY (MS)",8,"6-9"
2021,"MASS SPECTROMETRY (MS)",11,"10-14"
2022,"MASS SPECTROMETRY (MS)",3,"3-5"
2004,"METABOLISM",2,"1-2"
2005,"METABOLISM",5,"3-5"
2006,"METABOLISM",6,"6-9"
2007,"METABOLISM",3,"3-5"
2009,"METABOLISM",1,"1-2"
2010,"METABOLISM",1,"1-2"
2015,"METABOLISM",1,"1-2"
2016,"METABOLISM",2,"1-2"
2017,"METABOLISM",3,"3-5"
2018,"METABOLISM",5,"3-5"
2019,"METABOLISM",2,"1-2"
2020,"METABOLISM",2,"1-2"
2021,"METABOLISM",2,"1-2"
1992,"METHAMPHETAMINE",2,"1-2"
1993,"METHAMPHETAMINE",2,"1-2"
1994,"METHAMPHETAMINE",2,"1-2"
1995,"METHAMPHETAMINE",4,"3-5"
1996,"METHAMPHETAMINE",3,"3-5"
1997,"METHAMPHETAMINE",5,"3-5"
1998,"METHAMPHETAMINE",2,"1-2"
1999,"METHAMPHETAMINE",3,"3-5"
2000,"METHAMPHETAMINE",3,"3-5"
2001,"METHAMPHETAMINE",3,"3-5"
2002,"METHAMPHETAMINE",4,"3-5"
2003,"METHAMPHETAMINE",2,"1-2"
2004,"METHAMPHETAMINE",5,"3-5"
2005,"METHAMPHETAMINE",5,"3-5"
2006,"METHAMPHETAMINE",12,"10-14"
2007,"METHAMPHETAMINE",8,"6-9"
2008,"METHAMPHETAMINE",9,"6-9"
2009,"METHAMPHETAMINE",12,"10-14"
2010,"METHAMPHETAMINE",4,"3-5"
2011,"METHAMPHETAMINE",2,"1-2"
2012,"METHAMPHETAMINE",7,"6-9"
2013,"METHAMPHETAMINE",4,"3-5"
2014,"METHAMPHETAMINE",10,"10-14"
2015,"METHAMPHETAMINE",7,"6-9"
2016,"METHAMPHETAMINE",18,"15-19"
2017,"METHAMPHETAMINE",10,"10-14"
2018,"METHAMPHETAMINE",8,"6-9"
2019,"METHAMPHETAMINE",7,"6-9"
2020,"METHAMPHETAMINE",5,"3-5"
2021,"METHAMPHETAMINE",6,"6-9"
2022,"METHAMPHETAMINE",7,"6-9"
2005,"MOLECULARLY IMPRINTED POLYMER",1,"1-2"
2007,"MOLECULARLY IMPRINTED POLYMER",2,"1-2"
2008,"MOLECULARLY IMPRINTED POLYMER",1,"1-2"
2012,"MOLECULARLY IMPRINTED POLYMER",1,"1-2"
2016,"MOLECULARLY IMPRINTED POLYMER",3,"3-5"
2017,"MOLECULARLY IMPRINTED POLYMER",5,"3-5"
2018,"MOLECULARLY IMPRINTED POLYMER",5,"3-5"
2019,"MOLECULARLY IMPRINTED POLYMER",3,"3-5"
2020,"MOLECULARLY IMPRINTED POLYMER",3,"3-5"
2021,"MOLECULARLY IMPRINTED POLYMER",4,"3-5"
2022,"MOLECULARLY IMPRINTED POLYMER",3,"3-5"
1995,"MORPHINE",1,"1-2"
1996,"MORPHINE",1,"1-2"
1998,"MORPHINE",1,"1-2"
1999,"MORPHINE",3,"3-5"
2000,"MORPHINE",1,"1-2"
2001,"MORPHINE",3,"3-5"
2003,"MORPHINE",2,"1-2"
2004,"MORPHINE",3,"3-5"
2005,"MORPHINE",7,"6-9"
2006,"MORPHINE",3,"3-5"
2007,"MORPHINE",4,"3-5"
2008,"MORPHINE",3,"3-5"
2009,"MORPHINE",4,"3-5"
2010,"MORPHINE",3,"3-5"
2011,"MORPHINE",1,"1-2"
2012,"MORPHINE",2,"1-2"
2013,"MORPHINE",1,"1-2"
2014,"MORPHINE",4,"3-5"
2015,"MORPHINE",3,"3-5"
2016,"MORPHINE",10,"10-14"
2017,"MORPHINE",15,"15-19"
2018,"MORPHINE",12,"10-14"
2019,"MORPHINE",6,"6-9"
2020,"MORPHINE",5,"3-5"
2021,"MORPHINE",7,"6-9"
2022,"MORPHINE",6,"6-9"
2013,"NOVEL PSYCHOACTIVE SUBSTANCES (NPS)",4,"3-5"
2014,"NOVEL PSYCHOACTIVE SUBSTANCES (NPS)",19,"15-19"
2015,"NOVEL PSYCHOACTIVE SUBSTANCES (NPS)",18,"15-19"
2016,"NOVEL PSYCHOACTIVE SUBSTANCES (NPS)",44,"40-49"
2017,"NOVEL PSYCHOACTIVE SUBSTANCES (NPS)",52,">49"
2018,"NOVEL PSYCHOACTIVE SUBSTANCES (NPS)",46,"40-49"
2019,"NOVEL PSYCHOACTIVE SUBSTANCES (NPS)",17,"15-19"
2020,"NOVEL PSYCHOACTIVE SUBSTANCES (NPS)",20,"20-24"
2021,"NOVEL PSYCHOACTIVE SUBSTANCES (NPS)",43,"40-49"
2022,"NOVEL PSYCHOACTIVE SUBSTANCES (NPS)",15,"15-19"
1992,"NUCLEAR MAGNETIC RESONANCE (NMR)",2,"1-2"
1993,"NUCLEAR MAGNETIC RESONANCE (NMR)",1,"1-2"
1995,"NUCLEAR MAGNETIC RESONANCE (NMR)",3,"3-5"
1997,"NUCLEAR MAGNETIC RESONANCE (NMR)",2,"1-2"
1998,"NUCLEAR MAGNETIC RESONANCE (NMR)",1,"1-2"
1999,"NUCLEAR MAGNETIC RESONANCE (NMR)",2,"1-2"
2000,"NUCLEAR MAGNETIC RESONANCE (NMR)",1,"1-2"
2001,"NUCLEAR MAGNETIC RESONANCE (NMR)",2,"1-2"
2002,"NUCLEAR MAGNETIC RESONANCE (NMR)",5,"3-5"
2003,"NUCLEAR MAGNETIC RESONANCE (NMR)",1,"1-2"
2004,"NUCLEAR MAGNETIC RESONANCE (NMR)",1,"1-2"
2005,"NUCLEAR MAGNETIC RESONANCE (NMR)",6,"6-9"
2006,"NUCLEAR MAGNETIC RESONANCE (NMR)",4,"3-5"
2007,"NUCLEAR MAGNETIC RESONANCE (NMR)",5,"3-5"
2008,"NUCLEAR MAGNETIC RESONANCE (NMR)",8,"6-9"
2009,"NUCLEAR MAGNETIC RESONANCE (NMR)",10,"10-14"
2010,"NUCLEAR MAGNETIC RESONANCE (NMR)",8,"6-9"
2011,"NUCLEAR MAGNETIC RESONANCE (NMR)",4,"3-5"
2012,"NUCLEAR MAGNETIC RESONANCE (NMR)",8,"6-9"
2013,"NUCLEAR MAGNETIC RESONANCE (NMR)",8,"6-9"
2014,"NUCLEAR MAGNETIC RESONANCE (NMR)",7,"6-9"
2015,"NUCLEAR MAGNETIC RESONANCE (NMR)",5,"3-5"
2016,"NUCLEAR MAGNETIC RESONANCE (NMR)",10,"10-14"
2017,"NUCLEAR MAGNETIC RESONANCE (NMR)",10,"10-14"
2018,"NUCLEAR MAGNETIC RESONANCE (NMR)",12,"10-14"
2019,"NUCLEAR MAGNETIC RESONANCE (NMR)",6,"6-9"
2020,"NUCLEAR MAGNETIC RESONANCE (NMR)",2,"1-2"
2021,"NUCLEAR MAGNETIC RESONANCE (NMR)",8,"6-9"
2022,"NUCLEAR MAGNETIC RESONANCE (NMR)",1,"1-2"
1997,"OPIATE AND DERIVATIVES",1,"1-2"
1998,"OPIATE AND DERIVATIVES",1,"1-2"
1999,"OPIATE AND DERIVATIVES",1,"1-2"
2002,"OPIATE AND DERIVATIVES",1,"1-2"
2003,"OPIATE AND DERIVATIVES",1,"1-2"
2004,"OPIATE AND DERIVATIVES",3,"3-5"
2005,"OPIATE AND DERIVATIVES",6,"6-9"
2006,"OPIATE AND DERIVATIVES",4,"3-5"
2007,"OPIATE AND DERIVATIVES",2,"1-2"
2008,"OPIATE AND DERIVATIVES",1,"1-2"
2009,"OPIATE AND DERIVATIVES",1,"1-2"
2010,"OPIATE AND DERIVATIVES",1,"1-2"
2011,"OPIATE AND DERIVATIVES",2,"1-2"
2016,"OPIATE AND DERIVATIVES",2,"1-2"
2018,"OPIATE AND DERIVATIVES",2,"1-2"
2021,"OPIATE AND DERIVATIVES",1,"1-2"
2022,"OPIATE AND DERIVATIVES",1,"1-2"
1994,"OPIOID AND DERIVATIVES",1,"1-2"
1995,"OPIOID AND DERIVATIVES",1,"1-2"
1996,"OPIOID AND DERIVATIVES",1,"1-2"
1997,"OPIOID AND DERIVATIVES",1,"1-2"
1999,"OPIOID AND DERIVATIVES",1,"1-2"
2000,"OPIOID AND DERIVATIVES",1,"1-2"
2002,"OPIOID AND DERIVATIVES",1,"1-2"
2003,"OPIOID AND DERIVATIVES",1,"1-2"
2004,"OPIOID AND DERIVATIVES",2,"1-2"
2005,"OPIOID AND DERIVATIVES",2,"1-2"
2006,"OPIOID AND DERIVATIVES",1,"1-2"
2007,"OPIOID AND DERIVATIVES",7,"6-9"
2008,"OPIOID AND DERIVATIVES",1,"1-2"
2009,"OPIOID AND DERIVATIVES",4,"3-5"
2010,"OPIOID AND DERIVATIVES",1,"1-2"
2012,"OPIOID AND DERIVATIVES",2,"1-2"
2014,"OPIOID AND DERIVATIVES",3,"3-5"
2015,"OPIOID AND DERIVATIVES",4,"3-5"
2016,"OPIOID AND DERIVATIVES",15,"15-19"
2017,"OPIOID AND DERIVATIVES",15,"15-19"
2018,"OPIOID AND DERIVATIVES",21,"20-24"
2019,"OPIOID AND DERIVATIVES",9,"6-9"
2020,"OPIOID AND DERIVATIVES",9,"6-9"
2021,"OPIOID AND DERIVATIVES",20,"20-24"
2022,"OPIOID AND DERIVATIVES",5,"3-5"
1996,"PAPAVER SOMNIFERUM",2,"1-2"
2000,"PAPAVER SOMNIFERUM",1,"1-2"
2002,"PAPAVER SOMNIFERUM",1,"1-2"
2003,"PAPAVER SOMNIFERUM",2,"1-2"
2005,"PAPAVER SOMNIFERUM",2,"1-2"
2007,"PAPAVER SOMNIFERUM",5,"3-5"
2008,"PAPAVER SOMNIFERUM",2,"1-2"
2009,"PAPAVER SOMNIFERUM",1,"1-2"
2010,"PAPAVER SOMNIFERUM",2,"1-2"
2014,"PAPAVER SOMNIFERUM",1,"1-2"
2015,"PAPAVER SOMNIFERUM",3,"3-5"
2016,"PAPAVER SOMNIFERUM",2,"1-2"
2018,"PAPAVER SOMNIFERUM",4,"3-5"
2020,"PAPAVER SOMNIFERUM",3,"3-5"
2021,"PAPAVER SOMNIFERUM",1,"1-2"
2022,"PAPAVER SOMNIFERUM",3,"3-5"
1995,"PHARMACEUTICAL ANALYSIS",1,"1-2"
1996,"PHARMACEUTICAL ANALYSIS",3,"3-5"
1997,"PHARMACEUTICAL ANALYSIS",2,"1-2"
1998,"PHARMACEUTICAL ANALYSIS",2,"1-2"
1999,"PHARMACEUTICAL ANALYSIS",1,"1-2"
2000,"PHARMACEUTICAL ANALYSIS",2,"1-2"
2001,"PHARMACEUTICAL ANALYSIS",1,"1-2"
2003,"PHARMACEUTICAL ANALYSIS",2,"1-2"
2004,"PHARMACEUTICAL ANALYSIS",2,"1-2"
2005,"PHARMACEUTICAL ANALYSIS",3,"3-5"
2006,"PHARMACEUTICAL ANALYSIS",2,"1-2"
2008,"PHARMACEUTICAL ANALYSIS",2,"1-2"
2009,"PHARMACEUTICAL ANALYSIS",2,"1-2"
2011,"PHARMACEUTICAL ANALYSIS",1,"1-2"
2012,"PHARMACEUTICAL ANALYSIS",1,"1-2"
2013,"PHARMACEUTICAL ANALYSIS",1,"1-2"
2014,"PHARMACEUTICAL ANALYSIS",1,"1-2"
2017,"PHARMACEUTICAL ANALYSIS",2,"1-2"
2019,"PHARMACEUTICAL ANALYSIS",2,"1-2"
1998,"PHARMACEUTICALS",2,"1-2"
2000,"PHARMACEUTICALS",1,"1-2"
2001,"PHARMACEUTICALS",1,"1-2"
2002,"PHARMACEUTICALS",2,"1-2"
2004,"PHARMACEUTICALS",3,"3-5"
2005,"PHARMACEUTICALS",5,"3-5"
2006,"PHARMACEUTICALS",5,"3-5"
2007,"PHARMACEUTICALS",1,"1-2"
2008,"PHARMACEUTICALS",2,"1-2"
2009,"PHARMACEUTICALS",3,"3-5"
2010,"PHARMACEUTICALS",4,"3-5"
2011,"PHARMACEUTICALS",6,"6-9"
2012,"PHARMACEUTICALS",3,"3-5"
2013,"PHARMACEUTICALS",2,"1-2"
2014,"PHARMACEUTICALS",11,"10-14"
2015,"PHARMACEUTICALS",4,"3-5"
2016,"PHARMACEUTICALS",5,"3-5"
2017,"PHARMACEUTICALS",3,"3-5"
2018,"PHARMACEUTICALS",7,"6-9"
2019,"PHARMACEUTICALS",3,"3-5"
2020,"PHARMACEUTICALS",1,"1-2"
2021,"PHARMACEUTICALS",4,"3-5"
2022,"PHARMACEUTICALS",1,"1-2"
2000,"PHENETHYLAMINE",1,"1-2"
2002,"PHENETHYLAMINE",1,"1-2"
2004,"PHENETHYLAMINE",1,"1-2"
2005,"PHENETHYLAMINE",2,"1-2"
2006,"PHENETHYLAMINE",2,"1-2"
2008,"PHENETHYLAMINE",7,"6-9"
2009,"PHENETHYLAMINE",1,"1-2"
2010,"PHENETHYLAMINE",1,"1-2"
2011,"PHENETHYLAMINE",1,"1-2"
2012,"PHENETHYLAMINE",4,"3-5"
2013,"PHENETHYLAMINE",2,"1-2"
2014,"PHENETHYLAMINE",2,"1-2"
2015,"PHENETHYLAMINE",2,"1-2"
2016,"PHENETHYLAMINE",3,"3-5"
2017,"PHENETHYLAMINE",4,"3-5"
2018,"PHENETHYLAMINE",3,"3-5"
2020,"PHENETHYLAMINE",2,"1-2"
2021,"PHENETHYLAMINE",2,"1-2"
1995,"PRINCIPAL COMPONENT ANALYSIS (PCA)",2,"1-2"
2000,"PRINCIPAL COMPONENT ANALYSIS (PCA)",1,"1-2"
2001,"PRINCIPAL COMPONENT ANALYSIS (PCA)",2,"1-2"
2002,"PRINCIPAL COMPONENT ANALYSIS (PCA)",2,"1-2"
2004,"PRINCIPAL COMPONENT ANALYSIS (PCA)",2,"1-2"
2005,"PRINCIPAL COMPONENT ANALYSIS (PCA)",7,"6-9"
2006,"PRINCIPAL COMPONENT ANALYSIS (PCA)",10,"10-14"
2007,"PRINCIPAL COMPONENT ANALYSIS (PCA)",6,"6-9"
2008,"PRINCIPAL COMPONENT ANALYSIS (PCA)",2,"1-2"
2009,"PRINCIPAL COMPONENT ANALYSIS (PCA)",5,"3-5"
2011,"PRINCIPAL COMPONENT ANALYSIS (PCA)",4,"3-5"
2012,"PRINCIPAL COMPONENT ANALYSIS (PCA)",6,"6-9"
2013,"PRINCIPAL COMPONENT ANALYSIS (PCA)",4,"3-5"
2014,"PRINCIPAL COMPONENT ANALYSIS (PCA)",6,"6-9"
2015,"PRINCIPAL COMPONENT ANALYSIS (PCA)",2,"1-2"
2016,"PRINCIPAL COMPONENT ANALYSIS (PCA)",1,"1-2"
2017,"PRINCIPAL COMPONENT ANALYSIS (PCA)",5,"3-5"
2018,"PRINCIPAL COMPONENT ANALYSIS (PCA)",3,"3-5"
2019,"PRINCIPAL COMPONENT ANALYSIS (PCA)",1,"1-2"
2020,"PRINCIPAL COMPONENT ANALYSIS (PCA)",1,"1-2"
2021,"PRINCIPAL COMPONENT ANALYSIS (PCA)",2,"1-2"
2022,"PRINCIPAL COMPONENT ANALYSIS (PCA)",1,"1-2"
1998,"PROFILING",4,"3-5"
1999,"PROFILING",1,"1-2"
2000,"PROFILING",2,"1-2"
2002,"PROFILING",1,"1-2"
2003,"PROFILING",1,"1-2"
2006,"PROFILING",1,"1-2"
2007,"PROFILING",6,"6-9"
2008,"PROFILING",2,"1-2"
2009,"PROFILING",1,"1-2"
2010,"PROFILING",3,"3-5"
2011,"PROFILING",3,"3-5"
2012,"PROFILING",5,"3-5"
2013,"PROFILING",2,"1-2"
2014,"PROFILING",1,"1-2"
2015,"PROFILING",3,"3-5"
2016,"PROFILING",2,"1-2"
2017,"PROFILING",2,"1-2"
2018,"PROFILING",6,"6-9"
2022,"PROFILING",1,"1-2"
1995,"PSEUDOEPHEDRINE",1,"1-2"
1996,"PSEUDOEPHEDRINE",1,"1-2"
1997,"PSEUDOEPHEDRINE",1,"1-2"
1999,"PSEUDOEPHEDRINE",2,"1-2"
2000,"PSEUDOEPHEDRINE",2,"1-2"
2001,"PSEUDOEPHEDRINE",4,"3-5"
2002,"PSEUDOEPHEDRINE",1,"1-2"
2004,"PSEUDOEPHEDRINE",3,"3-5"
2005,"PSEUDOEPHEDRINE",4,"3-5"
2006,"PSEUDOEPHEDRINE",2,"1-2"
2007,"PSEUDOEPHEDRINE",1,"1-2"
2008,"PSEUDOEPHEDRINE",4,"3-5"
2009,"PSEUDOEPHEDRINE",3,"3-5"
2010,"PSEUDOEPHEDRINE",2,"1-2"
2011,"PSEUDOEPHEDRINE",2,"1-2"
2012,"PSEUDOEPHEDRINE",3,"3-5"
2014,"PSEUDOEPHEDRINE",3,"3-5"
2015,"PSEUDOEPHEDRINE",2,"1-2"
2017,"PSEUDOEPHEDRINE",1,"1-2"
2018,"PSEUDOEPHEDRINE",2,"1-2"
2019,"PSEUDOEPHEDRINE",3,"3-5"
2021,"PSEUDOEPHEDRINE",5,"3-5"
1997,"RAMAN",1,"1-2"
1998,"RAMAN",2,"1-2"
1999,"RAMAN",1,"1-2"
2002,"RAMAN",1,"1-2"
2006,"RAMAN",1,"1-2"
2007,"RAMAN",1,"1-2"
2008,"RAMAN",3,"3-5"
2009,"RAMAN",1,"1-2"
2010,"RAMAN",1,"1-2"
2011,"RAMAN",5,"3-5"
2012,"RAMAN",6,"6-9"
2013,"RAMAN",5,"3-5"
2015,"RAMAN",1,"1-2"
2016,"RAMAN",1,"1-2"
2017,"RAMAN",6,"6-9"
2018,"RAMAN",6,"6-9"
2019,"RAMAN",4,"3-5"
2020,"RAMAN",3,"3-5"
2021,"RAMAN",4,"3-5"
2022,"RAMAN",1,"1-2"
1996,"RAMAN SPECTROSCOPY",1,"1-2"
2004,"RAMAN SPECTROSCOPY",3,"3-5"
2005,"RAMAN SPECTROSCOPY",3,"3-5"
2006,"RAMAN SPECTROSCOPY",3,"3-5"
2007,"RAMAN SPECTROSCOPY",2,"1-2"
2008,"RAMAN SPECTROSCOPY",6,"6-9"
2009,"RAMAN SPECTROSCOPY",7,"6-9"
2010,"RAMAN SPECTROSCOPY",7,"6-9"
2011,"RAMAN SPECTROSCOPY",7,"6-9"
2012,"RAMAN SPECTROSCOPY",4,"3-5"
2013,"RAMAN SPECTROSCOPY",4,"3-5"
2014,"RAMAN SPECTROSCOPY",1,"1-2"
2015,"RAMAN SPECTROSCOPY",2,"1-2"
2016,"RAMAN SPECTROSCOPY",2,"1-2"
2017,"RAMAN SPECTROSCOPY",1,"1-2"
2018,"RAMAN SPECTROSCOPY",1,"1-2"
2019,"RAMAN SPECTROSCOPY",2,"1-2"
2020,"RAMAN SPECTROSCOPY",4,"3-5"
2021,"RAMAN SPECTROSCOPY",2,"1-2"
2022,"RAMAN SPECTROSCOPY",1,"1-2"
1993,"REVIEW",1,"1-2"
1994,"REVIEW",1,"1-2"
1996,"REVIEW",5,"3-5"
1997,"REVIEW",2,"1-2"
1998,"REVIEW",1,"1-2"
1999,"REVIEW",2,"1-2"
2001,"REVIEW",4,"3-5"
2002,"REVIEW",2,"1-2"
2003,"REVIEW",2,"1-2"
2004,"REVIEW",7,"6-9"
2005,"REVIEW",6,"6-9"
2006,"REVIEW",1,"1-2"
2007,"REVIEW",3,"3-5"
2009,"REVIEW",1,"1-2"
2010,"REVIEW",2,"1-2"
2013,"REVIEW",1,"1-2"
2014,"REVIEW",2,"1-2"
2016,"REVIEW",2,"1-2"
2017,"REVIEW",1,"1-2"
2018,"REVIEW",1,"1-2"
2019,"REVIEW",1,"1-2"
2021,"REVIEW",2,"1-2"
2022,"REVIEW",1,"1-2"
1994,"SCREENING",1,"1-2"
1995,"SCREENING",1,"1-2"
2001,"SCREENING",1,"1-2"
2002,"SCREENING",2,"1-2"
2004,"SCREENING",1,"1-2"
2005,"SCREENING",2,"1-2"
2006,"SCREENING",1,"1-2"
2008,"SCREENING",1,"1-2"
2009,"SCREENING",1,"1-2"
2012,"SCREENING",1,"1-2"
2013,"SCREENING",4,"3-5"
2014,"SCREENING",3,"3-5"
2015,"SCREENING",5,"3-5"
2016,"SCREENING",3,"3-5"
2017,"SCREENING",7,"6-9"
2018,"SCREENING",2,"1-2"
2019,"SCREENING",2,"1-2"
2020,"SCREENING",1,"1-2"
2021,"SCREENING",2,"1-2"
2005,"SENSOR",2,"1-2"
2009,"SENSOR",1,"1-2"
2010,"SENSOR",1,"1-2"
2014,"SENSOR",3,"3-5"
2016,"SENSOR",3,"3-5"
2017,"SENSOR",5,"3-5"
2018,"SENSOR",5,"3-5"
2019,"SENSOR",8,"6-9"
2020,"SENSOR",3,"3-5"
2021,"SENSOR",7,"6-9"
2022,"SENSOR",1,"1-2"
2009,"SERS",1,"1-2"
2010,"SERS",1,"1-2"
2011,"SERS",2,"1-2"
2012,"SERS",1,"1-2"
2013,"SERS",1,"1-2"
2015,"SERS",1,"1-2"
2017,"SERS",1,"1-2"
2018,"SERS",4,"3-5"
2019,"SERS",9,"6-9"
2020,"SERS",1,"1-2"
2021,"SERS",9,"6-9"
2022,"SERS",3,"3-5"
1997,"SOLID-PHASE MICROEXTRACTION (SPME)",2,"1-2"
1999,"SOLID-PHASE MICROEXTRACTION (SPME)",2,"1-2"
2001,"SOLID-PHASE MICROEXTRACTION (SPME)",3,"3-5"
2002,"SOLID-PHASE MICROEXTRACTION (SPME)",2,"1-2"
2003,"SOLID-PHASE MICROEXTRACTION (SPME)",1,"1-2"
2004,"SOLID-PHASE MICROEXTRACTION (SPME)",2,"1-2"
2005,"SOLID-PHASE MICROEXTRACTION (SPME)",8,"6-9"
2006,"SOLID-PHASE MICROEXTRACTION (SPME)",10,"10-14"
2007,"SOLID-PHASE MICROEXTRACTION (SPME)",4,"3-5"
2008,"SOLID-PHASE MICROEXTRACTION (SPME)",5,"3-5"
2011,"SOLID-PHASE MICROEXTRACTION (SPME)",1,"1-2"
2012,"SOLID-PHASE MICROEXTRACTION (SPME)",2,"1-2"
2013,"SOLID-PHASE MICROEXTRACTION (SPME)",1,"1-2"
2015,"SOLID-PHASE MICROEXTRACTION (SPME)",1,"1-2"
2016,"SOLID-PHASE MICROEXTRACTION (SPME)",4,"3-5"
2018,"SOLID-PHASE MICROEXTRACTION (SPME)",1,"1-2"
2019,"SOLID-PHASE MICROEXTRACTION (SPME)",1,"1-2"
2020,"SOLID-PHASE MICROEXTRACTION (SPME)",1,"1-2"
2021,"SOLID-PHASE MICROEXTRACTION (SPME)",3,"3-5"
1994,"SOLID PHASE EXTRACTION (SPE)",2,"1-2"
1996,"SOLID PHASE EXTRACTION (SPE)",1,"1-2"
1998,"SOLID PHASE EXTRACTION (SPE)",1,"1-2"
2000,"SOLID PHASE EXTRACTION (SPE)",1,"1-2"
2001,"SOLID PHASE EXTRACTION (SPE)",1,"1-2"
2004,"SOLID PHASE EXTRACTION (SPE)",2,"1-2"
2005,"SOLID PHASE EXTRACTION (SPE)",8,"6-9"
2006,"SOLID PHASE EXTRACTION (SPE)",3,"3-5"
2007,"SOLID PHASE EXTRACTION (SPE)",3,"3-5"
2008,"SOLID PHASE EXTRACTION (SPE)",3,"3-5"
2009,"SOLID PHASE EXTRACTION (SPE)",1,"1-2"
2010,"SOLID PHASE EXTRACTION (SPE)",3,"3-5"
2011,"SOLID PHASE EXTRACTION (SPE)",1,"1-2"
2013,"SOLID PHASE EXTRACTION (SPE)",1,"1-2"
2014,"SOLID PHASE EXTRACTION (SPE)",4,"3-5"
2015,"SOLID PHASE EXTRACTION (SPE)",3,"3-5"
2016,"SOLID PHASE EXTRACTION (SPE)",3,"3-5"
2017,"SOLID PHASE EXTRACTION (SPE)",7,"6-9"
2018,"SOLID PHASE EXTRACTION (SPE)",5,"3-5"
2019,"SOLID PHASE EXTRACTION (SPE)",2,"1-2"
2021,"SOLID PHASE EXTRACTION (SPE)",2,"1-2"
2022,"SOLID PHASE EXTRACTION (SPE)",2,"1-2"
2009,"SPICE",1,"1-2"
2010,"SPICE",4,"3-5"
2011,"SPICE",3,"3-5"
2012,"SPICE",9,"6-9"
2013,"SPICE",4,"3-5"
2014,"SPICE",4,"3-5"
2015,"SPICE",1,"1-2"
2016,"SPICE",6,"6-9"
2017,"SPICE",3,"3-5"
1992,"SUBSTANCE ABUSE",1,"1-2"
1995,"SUBSTANCE ABUSE",1,"1-2"
1996,"SUBSTANCE ABUSE",1,"1-2"
1997,"SUBSTANCE ABUSE",3,"3-5"
1999,"SUBSTANCE ABUSE",1,"1-2"
2000,"SUBSTANCE ABUSE",3,"3-5"
2004,"SUBSTANCE ABUSE",2,"1-2"
2005,"SUBSTANCE ABUSE",3,"3-5"
2006,"SUBSTANCE ABUSE",1,"1-2"
2007,"SUBSTANCE ABUSE",2,"1-2"
2008,"SUBSTANCE ABUSE",3,"3-5"
2009,"SUBSTANCE ABUSE",3,"3-5"
2010,"SUBSTANCE ABUSE",1,"1-2"
2013,"SUBSTANCE ABUSE",2,"1-2"
2014,"SUBSTANCE ABUSE",3,"3-5"
2015,"SUBSTANCE ABUSE",4,"3-5"
2016,"SUBSTANCE ABUSE",5,"3-5"
2017,"SUBSTANCE ABUSE",6,"6-9"
2018,"SUBSTANCE ABUSE",12,"10-14"
2019,"SUBSTANCE ABUSE",1,"1-2"
2020,"SUBSTANCE ABUSE",5,"3-5"
2021,"SUBSTANCE ABUSE",2,"1-2"
2022,"SUBSTANCE ABUSE",3,"3-5"
2023,"SUBSTANCE ABUSE",1,"1-2"
1992,"SYNTHESIS",1,"1-2"
1993,"SYNTHESIS",2,"1-2"
1994,"SYNTHESIS",2,"1-2"
1995,"SYNTHESIS",1,"1-2"
2001,"SYNTHESIS",1,"1-2"
2004,"SYNTHESIS",1,"1-2"
2005,"SYNTHESIS",2,"1-2"
2006,"SYNTHESIS",3,"3-5"
2007,"SYNTHESIS",3,"3-5"
2008,"SYNTHESIS",1,"1-2"
2009,"SYNTHESIS",1,"1-2"
2011,"SYNTHESIS",2,"1-2"
2012,"SYNTHESIS",1,"1-2"
2013,"SYNTHESIS",1,"1-2"
2014,"SYNTHESIS",2,"1-2"
2015,"SYNTHESIS",3,"3-5"
2016,"SYNTHESIS",1,"1-2"
2017,"SYNTHESIS",4,"3-5"
2018,"SYNTHESIS",2,"1-2"
2020,"SYNTHESIS",1,"1-2"
2021,"SYNTHESIS",1,"1-2"
2010,"SYNTHETIC CANNABINOIDS (SC)",1,"1-2"
2011,"SYNTHETIC CANNABINOIDS (SC)",2,"1-2"
2012,"SYNTHETIC CANNABINOIDS (SC)",1,"1-2"
2013,"SYNTHETIC CANNABINOIDS (SC)",6,"6-9"
2014,"SYNTHETIC CANNABINOIDS (SC)",5,"3-5"
2015,"SYNTHETIC CANNABINOIDS (SC)",5,"3-5"
2016,"SYNTHETIC CANNABINOIDS (SC)",4,"3-5"
2017,"SYNTHETIC CANNABINOIDS (SC)",3,"3-5"
2018,"SYNTHETIC CANNABINOIDS (SC)",3,"3-5"
2019,"SYNTHETIC CANNABINOIDS (SC)",1,"1-2"
2020,"SYNTHETIC CANNABINOIDS (SC)",2,"1-2"
2021,"SYNTHETIC CANNABINOIDS (SC)",4,"3-5"
2012,"SYNTHETIC CATHINONE",2,"1-2"
2013,"SYNTHETIC CATHINONE",1,"1-2"
2014,"SYNTHETIC CATHINONE",3,"3-5"
2015,"SYNTHETIC CATHINONE",1,"1-2"
2016,"SYNTHETIC CATHINONE",8,"6-9"
2017,"SYNTHETIC CATHINONE",6,"6-9"
2018,"SYNTHETIC CATHINONE",10,"10-14"
2019,"SYNTHETIC CATHINONE",13,"10-14"
2020,"SYNTHETIC CATHINONE",6,"6-9"
2021,"SYNTHETIC CATHINONE",10,"10-14"
2022,"SYNTHETIC CATHINONE",4,"3-5"
2000,"TANDEM MASS SPECTROMETRY (MS/MS)",1,"1-2"
2004,"TANDEM MASS SPECTROMETRY (MS/MS)",1,"1-2"
2005,"TANDEM MASS SPECTROMETRY (MS/MS)",1,"1-2"
2006,"TANDEM MASS SPECTROMETRY (MS/MS)",3,"3-5"
2007,"TANDEM MASS SPECTROMETRY (MS/MS)",2,"1-2"
2009,"TANDEM MASS SPECTROMETRY (MS/MS)",2,"1-2"
2010,"TANDEM MASS SPECTROMETRY (MS/MS)",3,"3-5"
2011,"TANDEM MASS SPECTROMETRY (MS/MS)",2,"1-2"
2012,"TANDEM MASS SPECTROMETRY (MS/MS)",2,"1-2"
2013,"TANDEM MASS SPECTROMETRY (MS/MS)",3,"3-5"
2016,"TANDEM MASS SPECTROMETRY (MS/MS)",6,"6-9"
2017,"TANDEM MASS SPECTROMETRY (MS/MS)",2,"1-2"
2018,"TANDEM MASS SPECTROMETRY (MS/MS)",4,"3-5"
2021,"TANDEM MASS SPECTROMETRY (MS/MS)",4,"3-5"
2005,"TETRAHYDROCANNABINOL",2,"1-2"
2009,"TETRAHYDROCANNABINOL",1,"1-2"
2010,"TETRAHYDROCANNABINOL",2,"1-2"
2011,"TETRAHYDROCANNABINOL",1,"1-2"
2012,"TETRAHYDROCANNABINOL",3,"3-5"
2014,"TETRAHYDROCANNABINOL",4,"3-5"
2015,"TETRAHYDROCANNABINOL",3,"3-5"
2016,"TETRAHYDROCANNABINOL",6,"6-9"
2017,"TETRAHYDROCANNABINOL",9,"6-9"
2019,"TETRAHYDROCANNABINOL",3,"3-5"
2020,"TETRAHYDROCANNABINOL",2,"1-2"
2021,"TETRAHYDROCANNABINOL",5,"3-5"
2022,"TETRAHYDROCANNABINOL",3,"3-5"
1992,"THIN LAYER CHROMATOGRAPHY (TLC)",1,"1-2"
1993,"THIN LAYER CHROMATOGRAPHY (TLC)",1,"1-2"
1994,"THIN LAYER CHROMATOGRAPHY (TLC)",1,"1-2"
1995,"THIN LAYER CHROMATOGRAPHY (TLC)",1,"1-2"
1996,"THIN LAYER CHROMATOGRAPHY (TLC)",1,"1-2"
1997,"THIN LAYER CHROMATOGRAPHY (TLC)",1,"1-2"
2001,"THIN LAYER CHROMATOGRAPHY (TLC)",2,"1-2"
2002,"THIN LAYER CHROMATOGRAPHY (TLC)",1,"1-2"
2003,"THIN LAYER CHROMATOGRAPHY (TLC)",1,"1-2"
2004,"THIN LAYER CHROMATOGRAPHY (TLC)",4,"3-5"
2005,"THIN LAYER CHROMATOGRAPHY (TLC)",4,"3-5"
2006,"THIN LAYER CHROMATOGRAPHY (TLC)",3,"3-5"
2007,"THIN LAYER CHROMATOGRAPHY (TLC)",1,"1-2"
2008,"THIN LAYER CHROMATOGRAPHY (TLC)",3,"3-5"
2009,"THIN LAYER CHROMATOGRAPHY (TLC)",3,"3-5"
2011,"THIN LAYER CHROMATOGRAPHY (TLC)",6,"6-9"
2012,"THIN LAYER CHROMATOGRAPHY (TLC)",1,"1-2"
2013,"THIN LAYER CHROMATOGRAPHY (TLC)",2,"1-2"
2016,"THIN LAYER CHROMATOGRAPHY (TLC)",3,"3-5"
2017,"THIN LAYER CHROMATOGRAPHY (TLC)",2,"1-2"
2018,"THIN LAYER CHROMATOGRAPHY (TLC)",2,"1-2"
2019,"THIN LAYER CHROMATOGRAPHY (TLC)",1,"1-2"
2020,"THIN LAYER CHROMATOGRAPHY (TLC)",2,"1-2"
2021,"THIN LAYER CHROMATOGRAPHY (TLC)",1,"1-2"
1991,"TOXICOLOGY",1,"1-2"
1992,"TOXICOLOGY",5,"3-5"
1993,"TOXICOLOGY",2,"1-2"
1994,"TOXICOLOGY",2,"1-2"
1995,"TOXICOLOGY",5,"3-5"
1996,"TOXICOLOGY",1,"1-2"
2000,"TOXICOLOGY",1,"1-2"
2005,"TOXICOLOGY",2,"1-2"
2006,"TOXICOLOGY",3,"3-5"
2007,"TOXICOLOGY",3,"3-5"
2008,"TOXICOLOGY",1,"1-2"
2009,"TOXICOLOGY",1,"1-2"
2013,"TOXICOLOGY",1,"1-2"
2014,"TOXICOLOGY",4,"3-5"
2015,"TOXICOLOGY",4,"3-5"
2016,"TOXICOLOGY",2,"1-2"
2017,"TOXICOLOGY",2,"1-2"
2018,"TOXICOLOGY",3,"3-5"
2019,"TOXICOLOGY",2,"1-2"
2020,"TOXICOLOGY",1,"1-2"
2021,"TOXICOLOGY",8,"6-9"
2008,"TRAMADOL",1,"1-2"
2016,"TRAMADOL",7,"6-9"
2017,"TRAMADOL",8,"6-9"
2018,"TRAMADOL",5,"3-5"
2019,"TRAMADOL",9,"6-9"
2020,"TRAMADOL",12,"10-14"
2021,"TRAMADOL",9,"6-9"
2022,"TRAMADOL",1,"1-2"
1993,"TROPANE ALKALOIDS",1,"1-2"
1994,"TROPANE ALKALOIDS",1,"1-2"
1995,"TROPANE ALKALOIDS",1,"1-2"
1996,"TROPANE ALKALOIDS",2,"1-2"
1998,"TROPANE ALKALOIDS",2,"1-2"
1999,"TROPANE ALKALOIDS",2,"1-2"
2005,"TROPANE ALKALOIDS",1,"1-2"
2006,"TROPANE ALKALOIDS",2,"1-2"
2007,"TROPANE ALKALOIDS",1,"1-2"
2008,"TROPANE ALKALOIDS",1,"1-2"
2010,"TROPANE ALKALOIDS",1,"1-2"
2015,"TROPANE ALKALOIDS",1,"1-2"
2016,"TROPANE ALKALOIDS",1,"1-2"
2017,"TROPANE ALKALOIDS",3,"3-5"
2018,"TROPANE ALKALOIDS",4,"3-5"
2019,"TROPANE ALKALOIDS",5,"3-5"
2020,"TROPANE ALKALOIDS",1,"1-2"
2021,"TROPANE ALKALOIDS",3,"3-5"
2002,"TRYPTAMINE",1,"1-2"
2004,"TRYPTAMINE",2,"1-2"
2005,"TRYPTAMINE",3,"3-5"
2006,"TRYPTAMINE",2,"1-2"
2008,"TRYPTAMINE",7,"6-9"
2009,"TRYPTAMINE",3,"3-5"
2010,"TRYPTAMINE",1,"1-2"
2011,"TRYPTAMINE",2,"1-2"
2012,"TRYPTAMINE",1,"1-2"
2013,"TRYPTAMINE",1,"1-2"
2015,"TRYPTAMINE",2,"1-2"
2016,"TRYPTAMINE",3,"3-5"
2017,"TRYPTAMINE",4,"3-5"
2018,"TRYPTAMINE",2,"1-2"
2021,"TRYPTAMINE",3,"3-5"
2022,"TRYPTAMINE",1,"1-2"
1995,"URINE",1,"1-2"
1996,"URINE",1,"1-2"
1998,"URINE",1,"1-2"
2005,"URINE",12,"10-14"
2006,"URINE",3,"3-5"
2007,"URINE",2,"1-2"
2008,"URINE",2,"1-2"
2010,"URINE",1,"1-2"
2012,"URINE",1,"1-2"
2013,"URINE",3,"3-5"
2014,"URINE",2,"1-2"
2016,"URINE",3,"3-5"
2017,"URINE",8,"6-9"
2018,"URINE",2,"1-2"
2019,"URINE",2,"1-2"
2021,"URINE",2,"1-2"
2022,"URINE",1,"1-2"
1997,"VALIDATION",1,"1-2"
1998,"VALIDATION",1,"1-2"
2000,"VALIDATION",1,"1-2"
2001,"VALIDATION",2,"1-2"
2002,"VALIDATION",1,"1-2"
2004,"VALIDATION",9,"6-9"
2005,"VALIDATION",7,"6-9"
2006,"VALIDATION",4,"3-5"
2007,"VALIDATION",4,"3-5"
2008,"VALIDATION",5,"3-5"
2009,"VALIDATION",5,"3-5"
2010,"VALIDATION",1,"1-2"
2012,"VALIDATION",2,"1-2"
2013,"VALIDATION",2,"1-2"
2014,"VALIDATION",2,"1-2"
2015,"VALIDATION",3,"3-5"
2016,"VALIDATION",2,"1-2"
2017,"VALIDATION",3,"3-5"
2018,"VALIDATION",4,"3-5"
2019,"VALIDATION",2,"1-2"
2020,"VALIDATION",3,"3-5"
2021,"VALIDATION",3,"3-5"
2022,"VALIDATION",2,"1-2"
2004,"VOLTAMMETRY",6,"6-9"
2005,"VOLTAMMETRY",1,"1-2"
2007,"VOLTAMMETRY",1,"1-2"
2012,"VOLTAMMETRY",1,"1-2"
2014,"VOLTAMMETRY",1,"1-2"
2015,"VOLTAMMETRY",1,"1-2"
2016,"VOLTAMMETRY",4,"3-5"
2017,"VOLTAMMETRY",3,"3-5"
2018,"VOLTAMMETRY",2,"1-2"
2019,"VOLTAMMETRY",2,"1-2"
2020,"VOLTAMMETRY",5,"3-5"
2021,"VOLTAMMETRY",6,"6-9"
2022,"VOLTAMMETRY",5,"3-5"
2005,"WASTEWATER",1,"1-2"
2008,"WASTEWATER",1,"1-2"
2009,"WASTEWATER",4,"3-5"
2010,"WASTEWATER",4,"3-5"
2011,"WASTEWATER",1,"1-2"
2013,"WASTEWATER",1,"1-2"
2014,"WASTEWATER",8,"6-9"
2015,"WASTEWATER",5,"3-5"
2016,"WASTEWATER",12,"10-14"
2017,"WASTEWATER",9,"6-9"
2018,"WASTEWATER",5,"3-5"
2019,"WASTEWATER",4,"3-5"
2021,"WASTEWATER",4,"3-5"
2022,"WASTEWATER",2,"1-2"
2015,"WASTEWATER-BASED EPIDEMIOLOGY",1,"1-2"
2016,"WASTEWATER-BASED EPIDEMIOLOGY",10,"10-14"
2017,"WASTEWATER-BASED EPIDEMIOLOGY",4,"3-5"
2018,"WASTEWATER-BASED EPIDEMIOLOGY",4,"3-5"
2021,"WASTEWATER-BASED EPIDEMIOLOGY",12,"10-14"
2022,"WASTEWATER-BASED EPIDEMIOLOGY",2,"1-2"
